depth,min,max,median,mean,Acer rubrum,Acer saccharum-type,Alnus incana-type,Amaranthaceae,Ambrosia-type,Anacardiaceae,Angiospermae undiff. (herbs),Artemisia,Asteroideae undiff.,Betula,Caprifoliaceae sensu lato,Carya,Castanea,Cyperaceae,Ericaceae,Fagus,Fraxinus pennsylvanica-type,Juglans cinerea,Juglans nigra,Larix,Liquidambar,Lycopodium-type,Osmunda,Ostrya/Carpinus,Picea,Pinus,Plantago,Platanus,Poaceae undiff.,Polypodiophyta undiff.,Populus,Prunus/Sorbus,Quercus,Rumex,Sphagnum,Tsuga,Ulmus,Vitis,Dryopteris-type,Menyanthes trifoliata,Myrica,Poaceae (Cerealia),Pteridium-type,Apiaceae,Equisetum,Fraxinus nigra-type,Nyssa,Brasenia schreberi,Corylus,Celtis,Diospyros-type,Rhamnaceae,Sagittaria,Acer negundo,Nuphar,Thalictrum,Cornus,Salix,Cupressaceae,Myriophyllum,Nymphaea,Ilex,Rubiaceae undiff.,Spermatophyta undiff. (aquatics),Potamogetonaceae,Galium,Polygonum sensu lato,Sparganium-type,Tilia,Isoëtes,Typha latifolia,Rhamnaceae/Vitaceae undiff.,Taxus,Abies,Urtica-type,Alnus viridis-type,Morus,Sanguisorba,Spermatophyta undiff. (shrubs),Moraceae undiff.,Caryophyllaceae,Selaginella
20,-39,1440,475,529,1.162790698,0.581395349,10.46511628,0.581395349,13.08139535,0.290697674,0.290697674,0.290697674,0.872093023,11.91860465,0.290697674,2.034883721,0.290697674,0.581395349,0.581395349,1.744186047,0.872093023,0.290697674,0.581395349,0.290697674,0.872093023,0.581395349,0.290697674,0.290697674,1.162790698,6.976744186,1.162790698,1.744186047,1.162790698,0.290697674,0.290697674,0.290697674,21.22093023,0.581395349,12.79069767,1.744186047,1.162790698,0.290697674,0,0,0,0,0,0,0,0,0,0,0,0,0,0,0,0,0,0,0,0,0,0,0,0,0,0,0,0,0,0,0,0,0,0,0,0,0,0,0,0,0,0,0,0
40,55,1514,569,623,0.574712644,0,2.298850575,0.287356322,26.72413793,0.287356322,2.873563218,0,0,5.459770115,0,1.436781609,3.735632184,4.885057471,2.011494253,0.862068966,0,0.574712644,0,1.436781609,0,0.287356322,0.574712644,0.574712644,2.586206897,4.310344828,0.862068966,0.287356322,1.436781609,0.287356322,0,0.574712644,16.37931034,2.011494253,10.63218391,1.149425287,0.574712644,0,1.149425287,0.287356322,0.287356322,1.149425287,1.149425287,0,0,0,0,0,0,0,0,0,0,0,0,0,0,0,0,0,0,0,0,0,0,0,0,0,0,0,0,0,0,0,0,0,0,0,0,0,0,0
60,141,1601,669,720,0.245098039,0.490196078,1.960784314,0,21.07843137,0.245098039,5.392156863,0,0.245098039,7.107843137,0,0.980392157,3.431372549,0.980392157,2.696078431,0.980392157,0,0.245098039,0,0.980392157,0,0.245098039,0,0.245098039,1.225490196,6.12745098,0.245098039,0,2.696078431,0,0,0,14.21568627,1.960784314,21.07843137,1.470588235,0.490196078,0,0,0,0,1.470588235,0.245098039,0.245098039,0.490196078,0.245098039,0.245098039,0,0,0,0,0,0,0,0,0,0,0,0,0,0,0,0,0,0,0,0,0,0,0,0,0,0,0,0,0,0,0,0,0,0,0
80,224,1678,768,816,0.522193211,1.044386423,1.305483029,0,7.310704961,0,11.74934726,0,0.783289817,6.005221932,0,2.088772846,1.566579634,2.088772846,0.783289817,2.349869452,0.261096606,0.261096606,0.261096606,0.261096606,0,0,0,0.522193211,3.133159269,14.36031332,0.261096606,0.783289817,0.261096606,0,0,0,20.62663185,1.566579634,5.221932115,3.65535248,0.261096606,0,2.349869452,0.261096606,0.522193211,1.044386423,1.82767624,0,0,0,0.522193211,3.916449086,0.261096606,0,0,0,0,0,0,0,0,0,0,0,0,0,0,0,0,0,0,0,0,0,0,0,0,0,0,0,0,0,0,0,0,0
100,321,1773,867,910,1.066666667,0,0.533333333,0,2.666666667,0,16,0,0.266666667,8.533333333,0,1.333333333,0,4.533333333,0.266666667,2.4,0.8,0,0.533333333,1.066666667,0.266666667,0,0.266666667,0.266666667,1.866666667,19.2,0,0,0.533333333,0,0,0,16,0,1.6,13.06666667,0.266666667,0,0.266666667,0,0.266666667,0,1.6,0.266666667,0,0.266666667,0,0.266666667,0,0.266666667,0.266666667,0.266666667,2.933333333,0,0,0,0,0,0,0,0,0,0,0,0,0,0,0,0,0,0,0,0,0,0,0,0,0,0,0,0,0
120,420,1859,961,1007,0,0,5.625,0,0.3125,0,2.8125,0,0.625,6.875,0,3.125,2.1875,0.3125,2.5,3.4375,0.9375,0,0.625,0,0.3125,0,1.25,0.3125,1.5625,16.25,0,0.3125,0,0,0,0.3125,32.1875,0,1.25,7.5,0.9375,0,4.0625,0,0.3125,0,0,0,0,0.9375,0,0.625,0.3125,0,0,0,0.9375,0.3125,0.625,0.3125,0,0,0,0,0,0,0,0,0,0,0,0,0,0,0,0,0,0,0,0,0,0,0,0,0,0
136,523,1939,1070,1112,0.249376559,0.249376559,0.748129676,0,0,0,20.94763092,0,0.249376559,6.234413965,0.249376559,2.743142145,1.246882793,0.748129676,0.249376559,2.992518703,0,0,0,0,0,0,0,0.748129676,0.249376559,7.980049875,0,0.249376559,0,0,1.496259352,0.249376559,38.15461347,0,3.49127182,6.483790524,1.246882793,0,0.249376559,0,0.498753117,0,0.249376559,0,0.249376559,0,0,0.249376559,0,0,0,0.249376559,0,0,0.498753117,0,0.249376559,0.249376559,0,0,0,0,0,0,0,0,0,0,0,0,0,0,0,0,0,0,0,0,0,0,0,0
155,607,2009,1161,1199,0.626959248,0,2.194357367,0,0,0,4.07523511,0,0,6.269592476,0,3.448275862,2.194357367,0.940438871,0.626959248,6.269592476,0,0.313479624,0,0.313479624,0,0,0,0,0.940438871,11.59874608,0,0.313479624,0,0,0,0,48.58934169,0,0.313479624,6.5830721,1.567398119,0,0.313479624,0,0,0,0,0,0,0.313479624,0.313479624,1.567398119,0,0,0,0,0,0,0,0,0,0.313479624,0,0,0,0,0,0,0,0,0,0,0,0,0,0,0,0,0,0,0,0,0,0,0,0
175,705,2098,1257,1295,0.974025974,1.298701299,2.272727273,0,0.324675325,0,0,0,0,10.71428571,0.324675325,5.519480519,1.623376623,2.272727273,0,4.87012987,0.649350649,0.324675325,0,0,0,0,0.324675325,0.324675325,1.623376623,11.03896104,0,0,0.324675325,0,0.324675325,0,42.85714286,0,0,7.142857143,1.623376623,0,0,0,0,0,0.324675325,0,0,0.324675325,0,0.974025974,0,0,0,0,0.324675325,0,0,0,0,0,0.324675325,0.324675325,0.649350649,0,0,0,0,0,0,0,0,0,0,0,0,0,0,0,0,0,0,0,0,0
195,797,2181,1358,1391,0.293255132,0.879765396,4.985337243,0,0,0,2.93255132,0,0.586510264,8.504398827,0.293255132,2.93255132,1.759530792,1.46627566,0,2.639296188,0.293255132,0,0,0.879765396,0.293255132,0,0.879765396,0.879765396,0,13.19648094,0,0,0.586510264,0,0,0,36.36363636,0,1.759530792,3.812316716,0.586510264,0,1.759530792,0,0.293255132,0,1.173020528,0,0,0.293255132,0.293255132,4.105571848,0.293255132,0,0,0,0.586510264,0,1.46627566,0,0,0,0,0,1.46627566,0.879765396,0.293255132,0.293255132,0,0,0,0,0,0,0,0,0,0,0,0,0,0,0,0,0,0
215,899,2266,1452,1486,0.867052023,0,4.624277457,0.289017341,0,0,1.156069364,0,0,8.38150289,0.289017341,2.89017341,1.445086705,2.312138728,0.867052023,4.335260116,0.867052023,0,0,1.156069364,0,0,1.734104046,0.578034682,0.578034682,14.45086705,0,0.578034682,0.289017341,0,0,0,32.94797688,0,1.445086705,5.202312139,0,0,1.156069364,0,0.867052023,0,0.867052023,0,0,0,0,6.647398844,0,0,0,0,0.289017341,0,0.578034682,0,0,0,0,0,0.867052023,0.289017341,0.578034682,0.289017341,0.289017341,0,0,0,0,0,0,0,0,0,0,0,0,0,0,0,0,0
220,899,2266,1452,1486,0.595238095,0.892857143,6.845238095,0,0,0.297619048,0.297619048,0,0,9.226190476,0,2.380952381,3.273809524,1.488095238,1.19047619,1.488095238,0.297619048,0,0.595238095,0,0,0,2.083333333,1.488095238,0,13.39285714,0,0,0,0,0.297619048,0,31.25,0,2.976190476,5.654761905,0.892857143,0,1.19047619,0,0,0,0.595238095,0,0,0.892857143,0,5.654761905,0.297619048,0,0,0.297619048,0.297619048,0,0.297619048,0,0,0,0,0,0.297619048,0.595238095,0.595238095,0,1.785714286,0.297619048,0,0,0,0,0,0,0,0,0,0,0,0,0,0,0,0
240,1014,2348,1547,1583,0.609756098,0.609756098,6.707317073,0,0,0,0,0,0.304878049,9.756097561,0,2.43902439,2.743902439,2.134146341,0,4.573170732,1.219512195,0.304878049,0,0.304878049,0.609756098,0,1.524390244,0.609756098,0.609756098,13.1097561,0,0.304878049,0,0,0,0,31.70731707,0,0.304878049,5.182926829,0.609756098,0,2.134146341,0,0,0,0.914634146,0,0,0.304878049,0,3.658536585,0,0,0,0,0.304878049,0,0,0,0,0,0,0,2.134146341,0.609756098,0.609756098,0.609756098,1.829268293,0,0.304878049,0.304878049,0,0,0,0,0,0,0,0,0,0,0,0,0,0
260,1114,2428,1646,1679,1.5625,0.9375,2.5,0,0.3125,0.625,0,0,0,7.8125,0.3125,1.875,2.1875,1.5625,1.25,4.6875,0.3125,0.3125,0,0,0.3125,0,0.9375,0.3125,0.625,13.125,0,0,0.3125,0,0,0,40.3125,0,1.25,7.5,0,0,1.25,0,0.3125,0,1.5625,0,0,0.625,0,3.4375,0,0,0,0,0.3125,0,0.3125,0.3125,0,0,0,0,0,0.9375,0,0,0,0,0,0,0,0,0,0,0,0,0,0,0,0,0,0,0,0
280,1211,2512,1741,1776,0.638977636,1.277955272,5.111821086,0,0,0.319488818,0,0,0.319488818,11.50159744,0,2.555910543,1.277955272,0.638977636,0.958466454,3.194888179,0,0.319488818,0,0,0,0,0.958466454,0.638977636,0.958466454,16.93290735,0,0.319488818,0,0,0,0.319488818,34.18530351,0,0.958466454,7.348242812,0.638977636,0,2.555910543,0,0,0,0.638977636,0,0,0.319488818,0.319488818,1.277955272,0.319488818,0,0,0.638977636,0,0,0,0.319488818,0,0,0,0,0.958466454,1.277955272,0,0,0,0,0,0,0,0,0,0,0,0,0,0,0,0,0,0,0,0
295,1314,2590,1843,1873,0.318471338,0.636942675,4.458598726,0.318471338,0,0,0,0.318471338,0.955414013,7.006369427,0,2.229299363,1.27388535,0.955414013,0,6.369426752,0,0.318471338,0,0.318471338,0.318471338,0,0.318471338,1.592356688,0,12.42038217,0,0,0,0.318471338,0,0,42.03821656,0,1.592356688,8.917197452,1.27388535,0,0.318471338,0,0,0,0.955414013,0,0,0.955414013,0,1.910828025,0,0,0,0,0,0,0,0.318471338,0,0,0,0,0.318471338,0.318471338,0.636942675,0,0,0,0,0,0,0,0,0,0,0,0,0,0,0,0,0,0,0
320,1416,2679,1942,1970,1.261829653,0.315457413,8.201892744,0,0.315457413,0,0,0,0,11.35646688,0,1.892744479,2.839116719,1.261829653,0.315457413,4.100946372,0.630914826,0.315457413,0,0,0.315457413,0,1.261829653,1.577287066,0.94637224,11.67192429,0,0,0,0,0,0,36.90851735,0,1.261829653,6.624605678,0,0,0.315457413,0,0,0,1.261829653,0,0,0.315457413,0,2.208201893,0,0,0,0.630914826,0,0,0,0,0,0,0,0,0.315457413,1.261829653,0,0,0,0,0,0.315457413,0,0,0,0,0,0,0,0,0,0,0,0,0,0
340,1529,2755,2039,2065,0.33557047,0.67114094,7.382550336,0,0.33557047,0,0,0.33557047,0.33557047,5.033557047,0,3.691275168,4.362416107,0.67114094,1.006711409,2.348993289,0,0,0,0.67114094,0,0,2.013422819,0,0.67114094,13.75838926,0,0,0,0,0,0.33557047,43.2885906,0,0.33557047,5.369127517,0.33557047,0,2.013422819,0,1.006711409,0,1.006711409,0,0,1.342281879,0,0,0,0,0,0.33557047,0,0,0,0,0,0,0,0,0,1.006711409,0,0,0,0,0,0,0,0,0,0,0,0,0,0,0,0,0,0,0,0
360,1632,2835,2136,2162,0.324675325,1.298701299,3.246753247,0.324675325,0,0,0,0,0,7.142857143,0,4.545454545,2.922077922,1.298701299,0.974025974,2.922077922,0.974025974,0,0,0.324675325,0.324675325,0,1.298701299,1.623376623,0.324675325,21.1038961,0,0.324675325,0,0,0.324675325,0,40.90909091,0,0.324675325,2.272727273,1.298701299,0,0.649350649,0,0,0,0.324675325,0,0,0.324675325,0,0.649350649,0.649350649,0,0,0.324675325,0,0,0,0,0,0,0,0,0.324675325,0,0,0,0,0,0,0,0.324675325,0,0,0,0,0,0,0,0,0,0,0,0,0
380,1742,2908,2236,2259,0.322580645,0.64516129,5.806451613,0.322580645,0,0,0,0,0,8.387096774,0,3.225806452,2.903225806,0.967741935,0.322580645,3.225806452,1.290322581,0.64516129,0,0,0.322580645,0,0.967741935,0.64516129,0.64516129,14.51612903,0,0.322580645,0.322580645,0,0,0,40,0,0.64516129,3.548387097,0.64516129,0,1.935483871,0,0,0,1.290322581,0,0,0.64516129,0,0.64516129,0,0,0,0,0.322580645,0,0,0.322580645,0,0,0.322580645,0,0.322580645,1.935483871,0.967741935,0,0,0,0,0,0,0.322580645,0.322580645,0,0,0,0,0,0,0,0,0,0,0
395,1850,2986,2334,2355,0.649350649,1.298701299,3.571428571,0,0.324675325,0,0,0,0.324675325,4.545454545,0,5.194805195,2.922077922,0.324675325,0,1.623376623,0.324675325,0.324675325,0,0,0.324675325,0,1.948051948,1.948051948,1.623376623,14.93506494,0,0,0,0,0,0,47.72727273,0,0.324675325,1.298701299,2.272727273,0,2.272727273,0,0,0,1.298701299,0,0,0.324675325,0,0.324675325,0.324675325,0,0,0,0,0,0,0,0,0.324675325,0,0,0,0,0.324675325,0,0,0,0,0.324675325,0.324675325,0,0,0.324675325,0,0,0,0,0,0,0,0,0,0
420,1973,3063,2432,2452,0.94637224,0.94637224,6.309148265,0,0,0.315457413,0,0,0,4.416403785,0,2.839116719,1.261829653,0.630914826,1.261829653,2.523659306,0.630914826,0.315457413,0,0.315457413,0.315457413,0.315457413,1.577287066,1.577287066,0.94637224,12.30283912,0,0.630914826,0,0,0,0.315457413,48.26498423,0,0.94637224,1.261829653,0.94637224,0,2.208201893,0,0,0,1.577287066,0,0,0.630914826,0,0.315457413,0.315457413,0,0,0,0,0,0,0,0,0,0.94637224,0,0,0.315457413,0.315457413,0,0,0,0,0.315457413,0.315457413,0.315457413,0,0,0.315457413,0,0,0,0,0,0,0,0,0
430,2027,3107,2479,2501,0.651465798,0.651465798,3.583061889,0.325732899,0,0,0,0,0,5.537459283,0,6.188925081,1.954397394,0,0.325732899,2.931596091,0.977198697,0,0,0.325732899,0.325732899,0,1.302931596,0.977198697,0.651465798,12.70358306,0,0.651465798,0,0,0,0.325732899,53.09446254,0,0.325732899,0.325732899,0.977198697,0,0.977198697,0,0,0,0.325732899,0,0,0.977198697,0.325732899,0,0,0,0,0.325732899,0,0,0,0,0,0,0,0,0,0.651465798,0.325732899,0.651465798,0,0,0,0,0.325732899,0,0,0,0,0,0,0,0,0,0,0,0,0
440,2085,3146,2526,2549,0,1.346801347,5.387205387,0,0,0,0,0,0,4.713804714,0,1.346801347,0,0.673400673,0.673400673,3.703703704,0.673400673,0,0.336700337,0.336700337,0,0,0.336700337,1.01010101,0,13.46801347,0,0,1.346801347,0,0,0,55.55555556,0,0.336700337,1.683501684,1.683501684,0.336700337,2.356902357,0,0,0,1.346801347,0,0,0,0.336700337,0,0,0,0,0,0,0,0,0,0,0,0.336700337,0,0,0.673400673,0,0,0,0,0,0,0,0,0,0,0,0,0,0,0,0,0,0,0,0
460,2203,3222,2623,2645,0.977198697,1.628664495,2.605863192,0,0,0,0,0,0,4.234527687,0,4.234527687,0.977198697,0.651465798,0.325732899,6.840390879,0.325732899,0,0,0,0,0,0.325732899,0.651465798,0,12.05211726,0,0.651465798,0,0,0.325732899,0,55.37459283,0,0.325732899,0.651465798,0.325732899,0,1.954397394,0,0,0,0.651465798,0,0,0.325732899,0,1.628664495,0,0,0,0,0,0,0,0,0,0,0.325732899,0,0,1.302931596,0,0,0,0,0,0.325732899,0,0,0,0,0,0,0,0,0,0,0,0,0,0
470,2259,3250,2668,2692,1.298701299,0.649350649,4.220779221,0,0.324675325,0.324675325,0,0,0.324675325,8.441558442,0,2.922077922,2.272727273,0.649350649,0,4.220779221,0.649350649,0,0,0,0.324675325,0,2.272727273,0.974025974,0,10.38961039,0,1.298701299,0.324675325,0,0.324675325,0,47.72727273,0,0.324675325,1.298701299,0.649350649,0,1.948051948,0,0.324675325,0,0.649350649,0,0,1.298701299,0.649350649,0.649350649,0,0,0,0,0,0.324675325,0,0,0,0,0,0,0.974025974,0,0,0,0,0,0,0,0.324675325,0,0,0,0,0.324675325,0.324675325,0,0,0,0,0,0,0
480,2316,3289,2718,2741,0.322580645,0.64516129,3.548387097,0,0,0,0,0.322580645,0,7.741935484,0,2.903225806,1.290322581,0.64516129,0.322580645,5.161290323,1.290322581,0,0,0,0,0,0.967741935,2.258064516,0,8.709677419,0,0.322580645,0.322580645,0,0.64516129,0.322580645,53.5483871,0,0,0.64516129,0.967741935,0,1.612903226,0,0.64516129,0,0.64516129,0,0,0.322580645,0,0.967741935,0,0.322580645,0,0,0,0,0,0.64516129,0,0,0.322580645,0,0,0.64516129,0.322580645,0.322580645,0,0,0,0,0,0,0.322580645,0,0,0,0,0,0,0,0,0,0,0
490,2375,3328,2764,2789,0.643086817,2.250803859,3.536977492,0,0.321543408,0,0,0,0,8.038585209,0,0.964630225,0.643086817,0,0.643086817,6.109324759,0.643086817,0.321543408,0,0,0,0,1.286173633,0.964630225,0.321543408,8.038585209,0,0,0,0,0.321543408,0,51.76848875,0,0.643086817,1.607717042,0.643086817,0,2.250803859,0,0,0,0.321543408,0,0,0.321543408,0.643086817,1.286173633,0.321543408,0,0,0.643086817,0.321543408,0,0,0.321543408,0,0,0.643086817,0,0,1.607717042,0.643086817,0,0,0,0,0,0.321543408,0,0.321543408,0,0,0,0.321543408,0,0,0,0,0,0,0
498,2472,3382,2843,2867,0,0.980392157,3.267973856,0,0,0,0,0,0,7.516339869,0,4.248366013,1.307189542,0,0,4.901960784,1.960784314,0.326797386,0,0,0.326797386,0,0.980392157,0.653594771,0,7.189542484,0,1.307189542,0,0,0.326797386,0.326797386,52.2875817,0,0.653594771,3.921568627,1.960784314,0,1.633986928,0,0,0,0.980392157,0,0,0.980392157,0,0.980392157,0,0,0,0.326797386,0,0,0,0,0,0,0,0,0,0.653594771,0,0,0,0,0,0,0,0,0,0,0,0,0,0,0,0,0,0,0,0
510,2504,3398,2860,2885,0.967741935,0.967741935,4.193548387,0.322580645,0,0.322580645,0,0.322580645,0.322580645,6.451612903,0,2.903225806,2.903225806,0.322580645,0,7.096774194,0.967741935,0,0.322580645,0,0,0,1.290322581,0.64516129,0,10,0,0,0.322580645,0,0,0.322580645,52.58064516,0,0,1.290322581,0.322580645,0,0.967741935,0,0,0,1.612903226,0,0,0,0,0.967741935,0,0,0,0,0,0,0,0,0,0,0,0,0.64516129,0.64516129,0,0,0,0,0,0,0,0,0,0,0,0,0,0,0,0,0,0,0,0
520,2572,3432,2906,2933,0.632911392,1.898734177,5.063291139,0,0.316455696,0,0,0,0.316455696,9.17721519,0,2.848101266,1.582278481,0,0.316455696,9.17721519,0.316455696,0,0,0,0.316455696,0,1.265822785,1.265822785,0,5.696202532,0,1.582278481,0.316455696,0,0,0,45.56962025,0,0.316455696,4.430379747,0.949367089,0,0.632911392,0,0.316455696,0,0.949367089,0,0,0.949367089,0,1.582278481,0,0,0,0.316455696,0,0,0,0,0,0,0,0,0,0,0,0,0,0,0,0,0.316455696,0.316455696,0,0,0,0,0.632911392,0.316455696,0.316455696,0,0,0,0,0
530,2639,3467,2956,2982,0.324675325,1.623376623,3.246753247,0,0.649350649,0,0,0.324675325,0,6.493506494,0,3.571428571,3.571428571,0,0,6.493506494,0.649350649,0.324675325,0,0,0,0,0.649350649,1.948051948,0,7.792207792,0,0.324675325,0,0,0,0,43.83116883,0,0.324675325,9.74025974,1.623376623,0,0.974025974,0,0.974025974,0,0,0,0,1.298701299,0,0.649350649,0,0,0,0,0,0,0,0.324675325,0,0,0,0,0.324675325,0.649350649,0.324675325,0,0,0,0,0,0.649350649,0.324675325,0,0,0,0,0,0,0,0,0,0,0,0
540,2694,3544,3023,3047,0.330033003,0.660066007,3.300330033,0,0,0,0,0,0,4.620462046,0,4.95049505,4.95049505,0,0,4.290429043,0,0,0,0,0,0,1.98019802,0.99009901,0,7.590759076,0,0,0.330033003,0,0,0.330033003,43.56435644,0,0.330033003,14.85148515,1.320132013,0,1.650165017,0,0,0,0.330033003,0,0,2.640264026,0,0.99009901,0,0,0,0,0,0,0,0,0,0,0,0,0,0,0,0,0,0,0,0,0,0,0,0,0,0,0,0,0,0,0,0,0,0
560,2800,3702,3158,3185,0.326797386,0.980392157,3.594771242,0,0.653594771,0,0,0,0,4.248366013,0,4.248366013,3.267973856,0.653594771,0,5.22875817,0.980392157,0.326797386,0,0,0,0,0.326797386,0.653594771,0,5.882352941,0,0.980392157,0.980392157,0,0.326797386,0,49.01960784,0,0,10.13071895,0.980392157,0,0.980392157,0,0,0,0.980392157,0,0,1.307189542,0,0.980392157,0,0,0,0,0,0,0.326797386,0,0,0,0.326797386,0,0,0.653594771,0.326797386,0,0,0,0,0,0.326797386,0,0,0,0,0,0,0,0,0,0,0,0,0
570,2857,3779,3229,3253,1.333333333,0.333333333,3.666666667,0,0.333333333,0,0,0,0.333333333,4,0,5.333333333,1.666666667,0,0,5.666666667,1,0.333333333,0,0,0.666666667,0,1,0.333333333,0,5.666666667,0,0.666666667,0.333333333,0,0,0,47,0,0.333333333,13,1.333333333,0,1.333333333,0,0,0,0.666666667,0,0,1,0,1,0,0,0,0.333333333,0,0,0,0,0,0,1,0,0,0,0.333333333,0,0,0,0,0,0,0,0,0,0,0,0,0,0,0,0,0,0,0
580,2914,3845,3296,3320,0,2.62295082,2.950819672,0,0.655737705,0,0,0,0,3.93442623,0,3.278688525,0.655737705,0.327868852,0.327868852,7.868852459,0.983606557,0.655737705,0,0,0,0,1.639344262,0.983606557,0,3.278688525,0,0.655737705,0.327868852,0,0,0.327868852,47.54098361,0,0,15.08196721,1.639344262,0,1.31147541,0,0,0,0.327868852,0,0,0.655737705,0,0.327868852,0,0,0,0,0,0,0,0.327868852,0,0,0,0,0,0.327868852,0.655737705,0,0,0,0,0,0,0,0,0,0,0,0.327868852,0,0,0,0,0,0,0
590,2975,3919,3367,3390,0.651465798,1.628664495,2.605863192,0,0,0,0,0,0,3.583061889,0,2.280130293,0.651465798,0.325732899,0,7.817589577,1.302931596,0,0,0,0,0,0.651465798,0.977198697,0,5.537459283,0,0.325732899,0,0,0,0,51.46579805,0,0,13.35504886,0.325732899,0,2.280130293,0,0,0,1.302931596,0,0,0.325732899,0,0.651465798,0,0,0,0,0,0,0,0,0,0,0,0,0.651465798,0.325732899,0.651465798,0,0,0,0,0,0,0.325732899,0,0,0,0,0,0,0,0,0,0,0,0
598,3069,4061,3475,3499,0,1.644736842,2.302631579,0,0,0.328947368,0,0,0,3.289473684,0,1.644736842,0.986842105,0.328947368,0,9.210526316,0.657894737,1.315789474,0,0,0.657894737,0,1.315789474,0.657894737,0,1.973684211,0,0.328947368,0.328947368,0,0,0,51.31578947,0,0,15.46052632,0,0,2.302631579,0,0,0,1.315789474,0,0,0.328947368,0,0.328947368,0,0,0,0,0,0,0,0,0,0,0.328947368,0,0,0,0.657894737,0.328947368,0,0,0,0,0.328947368,0,0,0,0,0,0.328947368,0,0,0,0,0,0,0
610,3099,4079,3507,3527,1.003344482,2.006688963,4.013377926,0,0,0,0,0,0.334448161,3.678929766,0,1.337792642,1.337792642,0,0,6.02006689,2.341137124,0,0,0,0,0,0,1.003344482,0,4.347826087,0,0.334448161,0.334448161,0,0,0,53.17725753,0,0,12.37458194,1.337792642,0,0.668896321,0,0.334448161,0,0.668896321,0,0,0.668896321,0.334448161,1.337792642,0,0,0,0,0,0,0,0,0,0,0,0,0,0,0.668896321,0,0,0,0,0,0.334448161,0,0,0,0,0,0,0,0,0,0,0,0,0
620,3156,4142,3571,3594,1.337792642,0.668896321,3.010033445,0,0,0,0,0.334448161,0.334448161,4.682274247,0,1.672240803,0,0.334448161,0.334448161,11.0367893,2.006688963,0,0,0,0.334448161,0,0.334448161,0.668896321,0,3.678929766,0,0.668896321,0,0,0,0,46.48829431,0,0.334448161,12.04013378,2.675585284,0.334448161,0.334448161,0,0.334448161,0,1.337792642,0,0,1.672240803,0,0.668896321,0,0,0,0,0,0,0,0,0,0,0,0,0,0.668896321,1.003344482,0,0,0,0,0,0.668896321,0,0,0,0,0,0,0,0,0,0,0,0,0
640,3283,4288,3711,3730,0.337837838,2.702702703,1.689189189,0.337837838,0,0,0,0,0,3.716216216,0,1.013513514,0,0.337837838,0.337837838,7.432432432,1.689189189,2.027027027,0,0,0,0,0.337837838,0.337837838,0,3.378378378,0,1.351351351,0,0,0,0,52.02702703,0,0,14.18918919,1.013513514,0,1.689189189,0,0.337837838,0,0.675675676,0,0,0.675675676,0,0,0,0,0,0,0,0,0,0,0,0.337837838,0.675675676,0,0,0.675675676,0.337837838,0,0,0,0,0,0.337837838,0,0,0,0,0,0,0,0,0,0,0,0,0
660,3413,4423,3846,3864,0,0.996677741,3.65448505,0,0.332225914,0,0,0,0,3.986710963,0,0.664451827,0.332225914,0,0,9.634551495,0.332225914,0,0,0,0.332225914,0,0.664451827,0.664451827,0,2.657807309,0,0.996677741,0.332225914,0,0,0,53.48837209,0,0,10.96345515,1.328903654,0.332225914,1.993355482,0,0,0,0,0,0,0.996677741,0,0.664451827,0.664451827,0,0,0.996677741,0,0,0.332225914,0,0,0,0,0,0,1.661129568,0,0,0,0,0,0,0.664451827,0.332225914,0,0,0,0,0,0,0,0,0,0,0,0
680,3544,4560,3981,4000,0.332225914,0.332225914,2.657807309,0,0,0,0,0,0,4.318936877,0,0.664451827,0.332225914,0,0,8.970099668,0.664451827,0.664451827,0,0,0,0,0.332225914,1.661129568,0.332225914,3.322259136,0,1.661129568,0.332225914,0,0,0,60.13289037,0,0,7.973421927,1.993355482,0,0.996677741,0,0,0,0.332225914,0,0,0,0,0.664451827,0.332225914,0,0,0,0,0,0,0,0,0,0.332225914,0,0,0,0.664451827,0,0,0,0,0,0,0,0,0,0,0,0,0,0,0,0,0,0,0
690,3603,4618,4050,4065,0.974025974,0,3.571428571,0,0,0.324675325,0,0,0,5.194805195,0,1.298701299,0.324675325,0,0,8.116883117,1.948051948,0,0.324675325,0,0.324675325,0,0,0.324675325,0,3.246753247,0,0,0,0,0,0,50.64935065,0,0,14.93506494,2.272727273,0,0.324675325,0,0,0,0.974025974,0,0,0.649350649,0.649350649,1.948051948,0,0.324675325,0,0,0,0,0.324675325,0.324675325,0,0,0,0,0,0.324675325,0,0,0,0,0,0,0,0,0,0,0,0,0,0,0.324675325,0,0,0,0,0
695,3672,4683,4116,4133,0.327868852,0.983606557,2.62295082,0,0,0,0,0.327868852,0,4.590163934,0,1.967213115,0,0,0,6.557377049,0.655737705,0.655737705,0,0,0,0,0.655737705,0.983606557,0,2.950819672,0,0.983606557,0.983606557,0,0,0,57.04918033,0,0.327868852,11.47540984,0.655737705,0.327868852,1.967213115,0,0,0,0.327868852,0,0,0.983606557,0,0.327868852,0.327868852,0,0,0.327868852,0,0,0,0,0,0,0,0,0,0,0,0,0,0,0,0,0.327868852,0.327868852,0,0,0,0,0,0,0,0,0,0,0,0
710,3746,4748,4184,4200,0.64516129,0.64516129,3.870967742,0.322580645,0.322580645,0,0.322580645,0,0.322580645,10,0,0.64516129,0,0.64516129,0,8.064516129,0,0.64516129,0,0,0,0,0.322580645,1.935483871,0,2.903225806,0,0.967741935,0.64516129,0,0,0.322580645,50,0,0.967741935,6.774193548,1.290322581,0,2.580645161,0,0,0,0,0,0,0.64516129,0,1.612903226,0.322580645,0,0,0,0,0,0,0,0,0,0,0,0.64516129,0.322580645,0.967741935,0,0,0,0,0.322580645,0,0,0,0,0,0,0,0,0,0,0,0,0,0
720,3818,4813,4254,4269,0,0.664451827,4.983388704,0,0.664451827,0,0,0,0,7.3089701,0,0.664451827,0,0,0,6.976744186,0.996677741,0.664451827,0,0,0,0.332225914,0.664451827,1.661129568,0,4.651162791,0,0.332225914,0.664451827,0,0,0,53.48837209,0,0,10.96345515,0.332225914,0,0.996677741,0,0,0,0,0,0,0.332225914,0,0.664451827,0,0,0,0,0,0,0,0,0,0,0,0.332225914,0,0,1.328903654,0,0,0,0,0,0.332225914,0,0,0,0,0,0,0,0,0,0,0,0,0
740,3963,4946,4391,4406,0.655737705,1.967213115,2.950819672,0,0,0,0,0,0,5.245901639,0,0,0,0.983606557,0.655737705,3.606557377,1.967213115,0,0,0,0,0,0,0.655737705,0.327868852,7.868852459,0,0.327868852,0,0,0.327868852,0,51.80327869,0,0.327868852,11.47540984,2.295081967,0,2.62295082,0,0,0,0.983606557,0,0,0.983606557,0,0.655737705,0,0,0,0,0,0,0,0,0,0,0.327868852,0,0.327868852,0.327868852,0,0,0,0,0,0,0,0.327868852,0,0,0,0,0,0,0,0,0,0,0,0
760,4115,5073,4526,4543,0,1.993355482,1.328903654,0,0,0,0,0,0,5.315614618,0,0.664451827,0,0,0,4.318936877,0,0.664451827,0,0,0,0,0,1.328903654,0,4.983388704,0,0.996677741,0,0,0,0,59.13621262,0,0,9.634551495,1.993355482,0,3.322259136,0,0,0,1.328903654,0,0,1.328903654,0,0.332225914,0,0,0,0.332225914,0.332225914,0,0,0,0,0,0.332225914,0,0,0,0.332225914,0,0,0,0,0,0,0,0,0,0,0,0,0,0,0,0,0,0,0
780,4274,5188,4660,4677,0.327868852,0.655737705,0.655737705,0,0.327868852,0,0,0,0,2.295081967,0,0.655737705,0.655737705,0,0,1.639344262,0.327868852,0.655737705,0,0,0,0,0.327868852,0.655737705,0,8.524590164,0,0.655737705,0,0,0,0,62.62295082,0,0,11.47540984,2.295081967,0,0.655737705,0,0,0,1.31147541,0,0,0.327868852,0.327868852,0.983606557,0,0,0,0.327868852,0,0,0,0.327868852,0,0,0,0,0,0.327868852,0,0,0,0,0,0,0,0.327868852,0,0,0,0,0,0.327868852,0,0,0,0,0,0
797,4448,5327,4817,4838,0,1.661129568,1.328903654,0,0,0,0,0,0,2.990033223,0,0.332225914,0.332225914,0,0.332225914,3.322259136,0.332225914,0.332225914,0,0,0.332225914,0,0.332225914,0.996677741,0,12.62458472,0,0.332225914,0.332225914,0,0,0,62.12624585,0,0,5.980066445,0.996677741,0.332225914,1.993355482,0,0,0,0.996677741,0,0,0.996677741,0,0.332225914,0,0,0,0,0,0,0,0,0,0,0,0,0,0,0.332225914,0,0,0,0,0,0,0,0,0,0,0,0,0,0,0,0,0,0,0
820,4592,5421,4920,4941,0,0.33557047,0.67114094,0.33557047,0.67114094,0,0,0,0,3.355704698,0,0.33557047,0,0,0.33557047,1.006711409,1.006711409,0.33557047,0,0,0.67114094,0.33557047,0.33557047,0.33557047,0,9.395973154,0,0,1.342281879,0,0.33557047,0,61.40939597,0,0,7.382550336,1.677852349,0,1.677852349,0,0,0,3.355704698,0,0,1.006711409,0,0,0.33557047,0,0,0.33557047,0,0,0,0,0,0.33557047,0,0,0.33557047,0.33557047,0,0,0,0,0,0,0,0.33557047,0,0,0,0,0.33557047,0,0,0,0,0,0,0
840,4678,5523,5018,5039,0.330033003,0.99009901,1.650165017,0.330033003,0,0,0,0.330033003,0.330033003,6.600660066,0,0,0.330033003,0,0,1.98019802,0.660066007,0,0,0,0,0,0.330033003,2.310231023,0,14.85148515,0,0.330033003,0.330033003,0,0,0,55.77557756,0,0,7.590759076,0.99009901,0,1.320132013,0,0,0,1.650165017,0,0,0.330033003,0,0,0,0,0,0.330033003,0,0,0,0,0,0,0,0,0.330033003,0,0,0,0,0,0,0,0,0,0,0,0,0,0,0,0,0,0,0,0,0
850,4722,5576,5068,5088,0.333333333,0.666666667,1,0,0.666666667,0,0,0,0,2.333333333,0,0.333333333,0,0,0,2,0.333333333,0.333333333,0,0,0,0.333333333,0,0.666666667,0,18.33333333,0,0.666666667,0.333333333,0,0,0,56.66666667,0,0,10.33333333,1.333333333,0,1.333333333,0,0,0,1,0,0,0,0,0.333333333,0.333333333,0,0,0,0,0,0.333333333,0,0,0,0,0,0,0,0,0,0,0,0,0,0,0,0,0,0,0,0,0,0,0,0,0,0,0
860,4767,5625,5119,5137,0.333333333,1,2.666666667,0,0.333333333,0,0,0,0.333333333,2,0,0.666666667,0.333333333,0.666666667,0,1,1,0.333333333,0,0,0,0,0,1,0,24.66666667,0,0.666666667,0,0,0,0,50.33333333,0,0,5,1,0,1.666666667,0,0,0,2.666666667,0,0,1.333333333,0,0,0.666666667,0,0,0,0,0,0,0,0,0,0,0,0.333333333,0,0,0,0,0,0,0,0,0,0,0,0,0,0,0,0,0,0,0,0,0
870,4812,5675,5167,5187,0.334448161,0,0.668896321,0,0.334448161,0,0,0,0.334448161,4.013377926,0,0,0,0,0,0.668896321,0.334448161,0.334448161,0,0,0,0,0,1.672240803,0,26.75585284,0,0.668896321,0.334448161,0,0,0,50.16722408,0,0,9.030100334,0.668896321,0,2.341137124,0,0,0,0.668896321,0,0,0,0,0,0,0,0,0,0,0,0,0,0,0.334448161,0,0,0.334448161,0,0,0,0,0,0,0,0,0,0,0,0,0,0,0,0,0,0,0,0,0
880,4854,5730,5217,5236,0,0.328947368,1.315789474,0,0.657894737,0,0,0,0,4.605263158,0,0,0,0,0,0.657894737,0.986842105,0.328947368,0,0,0.328947368,0,0,2.302631579,0,24.34210526,0,0.328947368,0.657894737,0,0,0,52.63157895,0,0.328947368,5.592105263,0.986842105,0,0.328947368,0,0.328947368,0,1.315789474,0,0,0.657894737,0,0.657894737,0,0,0,0,0,0,0,0,0,0,0,0,0.328947368,0,0,0,0,0,0,0,0,0,0,0,0,0,0,0,0,0,0,0,0,0
890,4899,5792,5267,5286,0.331125828,0,0.662251656,0,0,0,0.331125828,0.331125828,0,4.635761589,0,0.331125828,0,0,0,0.993377483,0.331125828,0,0,0,0,0,0.331125828,1.986754967,0,27.15231788,0,0,0.662251656,0,0,0,50.66225166,0,0,6.953642384,0.993377483,0,0,0,0.662251656,0,1.655629139,0,0,0.662251656,0,0,0,0,0,0,0,0,0,0,0,0,0.331125828,0,0,0,0,0,0,0,0,0,0,0,0,0,0,0,0,0,0,0,0,0,0,0
898,4966,5869,5344,5363,0,1.003344482,1.337792642,0,0.668896321,0,0,0,0.334448161,3.010033445,0,0,0,0,0,0.334448161,0.334448161,0,0,0,0,0,0,2.675585284,0,25.4180602,0,0.334448161,0,0,0.334448161,0,52.5083612,0,0,7.357859532,1.003344482,0,0.334448161,0,0,0,1.672240803,0,0,0.668896321,0,0,0.334448161,0,0,0,0,0,0,0,0,0,0.334448161,0,0,0,0,0,0,0,0,0,0,0,0,0,0,0,0,0,0,0,0,0,0,0
920,5038,5938,5413,5433,0.33557047,0.67114094,0.67114094,0,0,0,0,0.33557047,0,3.355704698,0,0,0,0.33557047,0,0.33557047,0,0.33557047,0,0,0,0,0,1.006711409,0.33557047,34.22818792,0,0.33557047,1.006711409,0,0,0,38.59060403,0,0,10.73825503,2.684563758,0,1.342281879,0,0.33557047,0,2.013422819,0,0,0.33557047,0,0,0.33557047,0,0,0.33557047,0,0,0,0,0,0,0,0,0,0,0,0,0,0,0,0,0,0,0,0,0,0,0,0,0,0,0,0,0,0
940,5137,6036,5511,5531,0,0.664451827,0.996677741,0,0,0,0,0,0.664451827,5.315614618,0,0,0,0.664451827,0,0,0.664451827,0,0,0,0,0,0.332225914,1.661129568,0,33.22259136,0,0.332225914,0.996677741,0,0.332225914,0,38.53820598,0,0.332225914,9.302325581,0.332225914,0,0.332225914,0,0,0,2.990033223,0,0,1.328903654,0,0,0,0,0,0,0,0,0,0,0,0.332225914,0.332225914,0,0,0.332225914,0,0,0,0,0,0,0,0,0,0,0,0,0,0,0,0,0,0,0,0
960,5239,6139,5612,5629,0,1.328903654,0.664451827,0,0.664451827,0,0,0,0.332225914,5.647840532,0,0.664451827,0,0.332225914,0,0,0.996677741,0,0,0,0,0,0,1.993355482,0.332225914,33.22259136,0,0.332225914,0.332225914,0,0.996677741,0,37.20930233,0,0.664451827,8.637873754,1.661129568,0,0.996677741,0,0,0,1.328903654,0,0,1.328903654,0,0,0,0,0,0,0,0,0,0,0,0,0,0,0,0.332225914,0,0,0,0,0,0,0,0,0,0,0,0,0,0,0,0,0,0,0,0
980,5343,6231,5709,5729,0,0,1.324503311,0,0.662251656,0,0,0,0,3.311258278,0,0,0,0.662251656,0,0.662251656,0.331125828,0.662251656,0,0,0,0,0.331125828,1.986754967,0.331125828,35.7615894,0,0,0,0,0.331125828,0,21.52317881,0,0,24.50331126,1.986754967,0,2.317880795,0,0,0,1.655629139,0,0,0.662251656,0,0.662251656,0,0,0,0,0,0,0,0,0,0,0,0,0,0.331125828,0,0,0,0,0,0,0,0,0,0,0,0,0,0,0,0,0,0,0,0
998,5464,6363,5837,5855,0.331125828,0.331125828,0.331125828,0,0,0,0,0,0,3.642384106,0,0,0,0.331125828,0,0,0.331125828,0,0,0,0,0.331125828,0,1.324503311,0,41.05960265,0,0,0.331125828,0,0,0,24.17218543,0,0,22.51655629,1.324503311,0,1.655629139,0,0,0,0,0,0,0.331125828,0,0,0.662251656,0,0,0,0,0,0,0,0.331125828,0,0,0,0,0,0,0,0,0,0,0,0,0,0,0,0,0.662251656,0,0,0,0,0,0,0,0
1020,5542,6422,5900,5922,0,1.237623762,1.237623762,0,0.247524752,0,0,0.247524752,0.247524752,4.95049505,0,0,0.247524752,0.247524752,0.247524752,0,0,0,0,0,0,0,0.247524752,2.475247525,0,47.27722772,0,0.495049505,0.495049505,0,0.99009901,0,25.4950495,0,0.495049505,7.425742574,0.742574257,0,0.742574257,0,0,0,1.98019802,0,0,0.99009901,0,0.247524752,0,0,0,0,0,0,0,0,0,0,0,0.247524752,0,0.247524752,0,0,0,0,0,0,0.247524752,0,0,0,0,0.247524752,0,0,0,0,0,0,0,0
1040,5648,6523,6000,6021,0.668896321,2.341137124,0.668896321,0,0.668896321,0,0,0,0,3.010033445,0,0,0,0.668896321,0.334448161,0,0,0,0,0,0,0.334448161,0,2.675585284,0,58.19397993,0,0,0,0,0,0,22.74247492,0,0,4.347826087,0.668896321,0,1.003344482,0,0.334448161,0,0.334448161,0,0,0.334448161,0,0,0.334448161,0,0,0,0,0,0,0,0,0,0,0,0,0,0,0,0,0,0,0,0,0,0,0,0,0,0,0.334448161,0,0,0,0,0,0
1060,5768,6627,6111,6133,0,0.993377483,1.324503311,0,0,0,0,0,0,5.960264901,0,0,0,0,0,0.331125828,0,0,0,0,0,0,0,2.317880795,0.331125828,68.54304636,0,0.331125828,0,0,0,0,17.21854305,0,0,0.662251656,0.993377483,0,0,0,0,0,0,0,0,0,0,0,0.331125828,0,0,0,0,0,0,0,0,0,0,0,0,0,0,0,0,0,0,0,0,0,0,0,0,0.331125828,0,0.331125828,0,0,0,0,0,0
1070,5826,6685,6176,6197,1.208459215,2.114803625,1.510574018,0,0,0,0,0,0,5.135951662,0,0,0,0,0,0,0,0,0,0,0,0.302114804,0.302114804,1.208459215,0.302114804,68.58006042,0,0,0,0,0,0,15.70996979,0,0,0.906344411,0.302114804,0,0.604229607,0,0,0,0.604229607,0,0,0,0,0,0.302114804,0,0,0,0,0,0,0,0,0,0.604229607,0,0,0.302114804,0,0,0,0,0,0,0,0,0,0,0,0,0,0,0,0,0,0,0,0
1080,5888,6752,6239,6261,0.303030303,1.515151515,0.909090909,0,0,0,0,0,0.303030303,8.787878788,0,0.606060606,0.303030303,0.606060606,0,0,0,0,0,0.909090909,0,0,0,1.515151515,0.909090909,56.96969697,0,0,0,0,0.606060606,0,16.36363636,0,0,1.212121212,1.212121212,0,0.606060606,0,0,0,0.606060606,0,0,1.212121212,0,0,0.606060606,0,0,0,0,0,0,0.303030303,0,0.303030303,0,0,0,0,0,0,0,0,0,0,0,0,0,0,0,3.333333333,0,0,0,0,0,0,0,0
1090,5949,6815,6302,6323,0,0.3003003,2.102102102,0,0,0,0,0,0,14.71471471,0,0,0,1.801801802,0.3003003,0.3003003,0.3003003,0.600600601,0,1.201201201,0,0,0,0.900900901,3.003003003,44.74474474,0,0,0.3003003,0,0.600600601,0,14.71471471,0,0.3003003,0.900900901,0.900900901,0,0.3003003,0,0.3003003,0,3.303303303,0,0,3.003003003,0,0,0,0,0,0,0,0,0,0.3003003,0,0.3003003,0,0,0,0,0,0,0,0,0,0,0,0.600600601,0,0,0,3.303303303,0,0.600600601,0,0,0,0,0,0
1098,6036,6928,6404,6423,0,0.602409639,3.313253012,0,0,0,0,0,0.301204819,18.37349398,0.301204819,0,0,2.108433735,0.602409639,0,0,0,0,0.602409639,0,1.506024096,0.602409639,0.903614458,8.13253012,34.3373494,0,0,0.602409639,0,0.602409639,0,13.55421687,0,0,1.506024096,0.602409639,0,0.602409639,0,0,0,3.915662651,0,0,1.807228916,0,0,0.602409639,0,0,0,0,0,0,0,0,0,0,0,0,0,0,0,0,0,0,0,0,0.301204819,0,0,0.301204819,2.409638554,0,1.506024096,0,0,0,0,0,0
1110,6076,6930,6425,6448,0,0.609756098,7.012195122,0,0,0,0,0,0,19.81707317,0,0.304878049,0,2.43902439,0,0,0,0,0,0.609756098,0,0.609756098,0,0.304878049,5.182926829,34.45121951,0,0,0.914634146,0,0.304878049,0.609756098,14.02439024,0,0,1.524390244,0.609756098,0,0.609756098,0,0,0,0.609756098,0,0,2.43902439,0,0,0.609756098,0,0,0,0,0,0.304878049,0,0,0.304878049,0,0,0,0,0,0,0,0,0,0,0,0,0,0,0.304878049,4.268292683,0,1.219512195,0,0,0,0,0,0
1120,6153,6992,6489,6511,0,0,3.614457831,0,0,0,0,0,0,33.73493976,0.301204819,0,0,0,0.301204819,0,0,0,0,0.301204819,0,0.301204819,0,2.710843373,11.44578313,25.60240964,0,0,0.301204819,0,0.301204819,0,11.74698795,0,0,1.506024096,0.301204819,0,0.602409639,0,0,0,0,0,0,0.602409639,0,0,0.602409639,0,0,0,0,0,0,0,0,0.301204819,0,0.301204819,0,0,0,0,0.301204819,0,0,0,0,0.301204819,0,0,0.301204819,3.012048193,0,0.903614458,0,0.301204819,0,0,0,0
1130,6220,7056,6549,6574,0,0,6.948640483,0,0,0,0,0,0.604229607,25.3776435,0.302114804,0,0,1.510574018,0.302114804,0,0,0,0,0.604229607,0,0,0,0.302114804,9.365558912,34.74320242,0,0,0,0,0.906344411,0,11.48036254,0,0,0.604229607,0.604229607,0,0,0,0,0,0,0,0,0.604229607,0,0,0,0,0,0,0,0,0,0,0,1.208459215,0,0,0,0,0,0,0,0,0,0,0,0.302114804,0,0,0,3.32326284,0,0.906344411,0,0,0,0,0,0
1140,6303,7115,6615,6638,0,0,6.948640483,0,0,0,0,0,0.302114804,21.14803625,0,0,0,0.604229607,0,0,0.302114804,0,0,0,0,0,0,0.302114804,10.87613293,34.44108761,0,0,0.906344411,0,0,0.302114804,11.17824773,0,0,0.906344411,0.906344411,0,0.604229607,0,0.302114804,0,0.302114804,0,0,0,0.302114804,0,0,0,0,0,0,0,0,0,0,0.302114804,0.302114804,0,0,0,0,0,0,0.302114804,0,0,0,0,0,0,0,6.344410876,0,2.114803625,0,0,0,0,0,0
1148,6419,7208,6716,6740,0,0,9.253731343,0,0,0,0,0,0,18.80597015,0.298507463,0,0,0,0,0.298507463,0,0,0,0.298507463,0,0,0,2.985074627,11.34328358,29.25373134,0,0,0.895522388,0,0,0.298507463,12.53731343,0,0.298507463,0.597014925,0.298507463,0,0.597014925,0,0,0,0,0,0,0,0,0,0.895522388,0,0,0,0,0,0.298507463,0,0,0.298507463,0.298507463,0,0,0,0,0,0,0,0,0,0,0.298507463,0,0,0,7.76119403,0,2.089552239,0,0,0,0,0,0
1160,6439,7240,6746,6769,0,0.302114804,9.063444109,0,0.302114804,0,0,0,0.302114804,4.531722054,0,0,0,1.208459215,0,0.302114804,0.302114804,0,0,0.302114804,0,0,0,1.510574018,10.27190332,45.92145015,0,0,1.208459215,0,0.302114804,0,11.17824773,0,0,0,1.208459215,0,0.302114804,0,0,0,0.302114804,0,0,0.302114804,0,0,0.302114804,0,0,0,0,0,0.302114804,0.302114804,0,0.302114804,0,0,0,0,0,0,0,0.302114804,0,0,0,0,0.302114804,0,0,1.510574018,0,7.552870091,0,0,0,0,0,0
1170,6493,7325,6812,6838,0,0,6.269592476,0,0,0,0,0,0,3.761755486,0,0,0,0,0,0,0,0,0,0,0,0,0,1.880877743,10.65830721,47.64890282,0,0,0,0,0.626959248,0,13.79310345,0,0,0.313479624,0,0,0.313479624,0,0,0,0,0,0,1.880877743,0,0,0.313479624,0.626959248,0,0,0,0,0.313479624,0,0,0.626959248,0.626959248,0,0,0.313479624,0,0,0,0,0,0,0,0,0,0,0,6.5830721,0,3.448275862,0,0,0,0,0,0
1180,6546,7397,6881,6906,0,0,4.833836858,0,0,0,0,0,0.302114804,5.135951662,0,0,0,1.208459215,0.302114804,0.302114804,0,0,0,0,0,0.302114804,0,2.719033233,6.64652568,53.17220544,0,0,0,0,0.302114804,0,15.10574018,0,0,0,0.302114804,0,0.302114804,0,0.302114804,0,0.604229607,0,0,0.906344411,0,0,1.510574018,0,0,0,0,0,0.302114804,0,0,0.604229607,0,0,0,0,0,0,0,0,0,0.604229607,0,0.302114804,0,0,0,1.510574018,0,2.416918429,0,0,0,0,0,0
1190,6599,7472,6948,6974,0,0,5.537459283,0.325732899,0,0,0,0.325732899,0.325732899,10.09771987,0.325732899,0,0,2.931596091,0.325732899,0.977198697,0,0.325732899,0,0,0,0,0,2.931596091,14.65798046,34.5276873,0,0.325732899,0.977198697,0,0.325732899,0,10.09771987,0,0,0,0,0,0,0,0,0,1.954397394,0,0,3.583061889,0,0,0.325732899,0,0,0,0,0,0,0,0,0.977198697,0.325732899,0.325732899,0.325732899,0,0,0,0,0,0,0.325732899,0,0,0,0,0,4.885993485,0,0.977198697,0,0.325732899,0.325732899,0,0,0
1195,6653,7542,7012,7040,0,0,5.016722408,0,0.334448161,0,0,0,0.334448161,2.675585284,0.334448161,0,0,1.003344482,0,0.668896321,0.668896321,0.334448161,0,0,0,0.334448161,0,4.347826087,7.692307692,54.51505017,0,0.334448161,1.003344482,0,0.668896321,0,12.04013378,0,0,0,0,0,1.003344482,0,0,0,0,0,0,1.672240803,0,0,1.003344482,0,0,0,0,0,0,0.334448161,0,0.334448161,0.334448161,0,0,0,0,0,0,0,0,0,0,0.334448161,0,0,0,2.341137124,0,0.334448161,0,0,0,0,0,0
1210,6706,7626,7087,7110,0,0,1.672240803,0,0.334448161,0,0,0,0.334448161,3.010033445,0,0.334448161,0,1.003344482,0,1.003344482,0,0,0,0,0,0,0,8.026755853,13.37792642,51.17056856,0,0,0,0,0,0,10.70234114,0,0,0.334448161,0,0,0.668896321,0,0,0,0.334448161,0,0,0.334448161,0,0,0,0.334448161,0,0,0,0,0,0.334448161,0,0,0.334448161,0,0,0,0,0,0.334448161,0,0,0,0,0,0,0,0,5.351170569,0.334448161,0.334448161,0,0,0,0,0,0
1220,6764,7706,7154,7179,0,0,1.650165017,0,0.330033003,0,0,0.660066007,0,7.590759076,0,0,0,0.330033003,0,0.330033003,0,0,0,0,0,0.330033003,0,6.270627063,20.4620462,37.95379538,0,0,0.99009901,0,1.320132013,0,9.240924092,0,0,0,0,0,1.98019802,0,0,0,0.330033003,0,0,2.97029703,0.330033003,0,0,0,0,0,0,0,0,0,0,1.320132013,0,0,0,0,0,0,0.330033003,0,0,0,0,0,0.330033003,0,0,4.290429043,0,0,0,0.330033003,0,0.330033003,0,0
1230,6823,7790,7225,7247,0,0.331125828,0.993377483,0.331125828,0.662251656,0,0,0.993377483,0.993377483,5.298013245,0,0.331125828,0,1.986754967,0,0,0,0,0,0,0,0,0,6.953642384,34.76821192,16.88741722,0,0,2.98013245,0,1.324503311,0,9.933774834,0,0,0,0.662251656,0,2.649006623,0,0,0,1.986754967,0,0.662251656,1.986754967,0,0,0,0,0,0,0,0,0,0.993377483,0,2.317880795,1.324503311,0,0,0,0,0,0,0,0,0.331125828,0,0,0.331125828,0,0,1.655629139,0,0.331125828,0,0,0,0,0,0
1235,6884,7863,7290,7313,0,0,0.684931507,0,0,0,0,0,0.684931507,6.164383562,0,0,0,4.452054795,0,0,0,0,0,0,0,0,0,8.219178082,29.45205479,19.52054795,0,0,3.424657534,0,3.424657534,0.342465753,12.67123288,0,0,0,0.342465753,0,1.02739726,0,0,0,0,0.342465753,0,3.082191781,0,0,0.342465753,0,0,0,0,0,0,0.684931507,0,1.02739726,2.739726027,0,0,0,0,0,0,0,0,0,0,0,0,0,0,0.684931507,0,0.684931507,0,0,0,0,0,0
1240,6884,7863,7290,7313,0,0,0.983606557,0,0.327868852,0,0,0.327868852,0.327868852,5.245901639,0,0,0,6.885245902,0,0,0,0,0,0,0,0.983606557,0,0.327868852,44.91803279,29.50819672,0,0,2.62295082,0,0,0,0.327868852,0,0,0,0.327868852,0,0.327868852,0,0,0,0,0,0,0,0,0,0,0,0,0,0,0,0,0.655737705,0,0.327868852,0,0,0,0,0,0,0,0,0,0,0,1.639344262,0,0,0,0.655737705,0,3.278688525,0,0,0,0,0,0
1245,6941,7939,7356,7381,0,0,3.246753247,0,0,0,0,0.324675325,0.649350649,13.96103896,0,0,0,12.66233766,0.974025974,0.324675325,0,0,0,0,0,0.324675325,0,0.649350649,26.2987013,26.2987013,0,0,2.922077922,0,0,0,1.623376623,0,0,0,0.324675325,0,0.649350649,0,0,0,0,0,0,0,0,0,0,0,0,0,0,0,0,1.623376623,0,1.298701299,1.948051948,0,0,0,0,0,0,0,0,0,0,2.597402597,0,0,0,0,0,0.649350649,0,0.649350649,0,0,0,0
1250,6941,7939,7356,7381,0,0,5.666666667,0,1.333333333,0,0,1.333333333,1.333333333,7,0,0.333333333,0,13.33333333,1,0.333333333,0,0,0,0,0,0,0,1.666666667,21.66666667,30,0,0,3.333333333,0,0.666666667,0,3.333333333,0,0.333333333,0,0.666666667,0,0.333333333,0,0,0,0,0,0,0.333333333,0,0,0,0,0,0,0,0,0,0,0,2.333333333,1,0,0,0,0,0,0,0,0,0,0,0,0,0,0,0.666666667,0,1.333333333,0,0.333333333,0,0,0.333333333,0
1255,6987,7994,7409,7434,0,0,5.333333333,0,0,0,0,1.666666667,0.333333333,5,0,0.666666667,0,20,0.333333333,0,0,0,0,0,0,0,0,0,23.33333333,30,0,0,3.666666667,0,0,0.333333333,1.666666667,0.666666667,0,0,0,0,0.666666667,0,0,0,0,0,0,0,0,0,0,0,0,0,0,0,0,1.333333333,0,2,1,0,0,0,0,0,0,0,0,0,0,0,0,0,0,0.666666667,0,0.333333333,0,1,0,0,0,0
1260,6987,7994,7409,7434,0,0,4.347826087,0.334448161,0,0,0,1.003344482,1.003344482,2.341137124,0,0.334448161,0,20.40133779,0,0,0,0,0,0,0,0.334448161,0,0,16.72240803,44.81605351,0,0,3.010033445,0,0,0,0.334448161,0.668896321,0,0,0,0,0.334448161,0,0,0,0,0,0,0,0,0,0,0,0,0,0,0,0,1.337792642,0,1.003344482,0.334448161,0,0,0,0,0,0,0,0,0,0,0,0,0,0,0.334448161,0,0,0,0,0,0,1.003344482,0
1280,7077,8121,7515,7538,0,0,2.666666667,0.666666667,0,0,0,3,0.666666667,0.666666667,0,0,0,15.66666667,0,0.333333333,0,0,0,0,0,0,0,0,17,47.66666667,0,0,4.333333333,0,0,0,0.666666667,0,0.666666667,0,0,0,0,0,0,0,0,0,0,0,0,0,0,0,0,0,0,0,0,2.333333333,0,0.333333333,0.333333333,0,0,0,0,0,0,0.333333333,0,0,0,0,0,0,0,0.333333333,0,1.666666667,0,0.333333333,0,0,0,0.333333333
1302,7185,8245,7638,7660,0,0,4,0.666666667,1,0,0,2.666666667,1,1,0,0.333333333,0,19.33333333,0,0,0,0,0,0,0,0,0,0.666666667,15.33333333,43,0,0,5.333333333,0,0,0,1,0.666666667,0.333333333,0,0.333333333,0,0,0,0,0,0,0,0,0,0,0,0,0,0,0,0,0,0,1,0,1.666666667,0,0,0,0,0,0,0,0,0,0,0,0,0,0,0,0.333333333,0,0,0,0,0,0,0,0.333333333
1320,7254,8336,7721,7741,0,0,0.33557047,0,0.33557047,0,0,2.013422819,0.67114094,2.013422819,0,0,0,11.74496644,0,0,0,0,0,0,0,0.33557047,0,0.33557047,18.45637584,54.36241611,0,0,4.697986577,0,0,0,0,0.33557047,0.67114094,0,0,0,0,0,0,0,0,0,0,0,0,0,0,0,0,0,0,0,0,2.013422819,0,0,0.33557047,0,0,0,0,0,0,0,0,0,0,0,0,0,0,0,0,0,0,1.006711409,0,0,0.33557047,0
1340,7336,8460,7819,7841,0,0,0.675675676,0,1.013513514,0,0,3.716216216,1.013513514,0.337837838,0,0.337837838,0,18.91891892,0,0,0,0,0,0,0,0.337837838,0,1.013513514,14.18918919,46.95945946,0,0,4.054054054,0,0,0,1.013513514,1.013513514,0,0,0,0,0,0,0,0,0,0,0,0,0,0,0,0,0,0,0,0,0,1.689189189,0,2.364864865,0,0,0,0,0,0,0,0,0,0,0,0,0,0,0,0,0,0.675675676,0,0.337837838,0,0,0.337837838,0
1360,7420,8582,7921,7941,0,0,0.336700337,0,1.346801347,0,0,3.367003367,1.346801347,0.336700337,0,0,0,6.397306397,0.336700337,0,0,0.336700337,0,0,0,0,0,0,11.78451178,68.01346801,0,0,1.683501684,0,0,0,0,0.336700337,0,0,0,0,0.673400673,0,0,0,0,0,0,0,0,0,0,0,0,0,0,0,0,0.673400673,0,3.03030303,0,0,0,0,0,0,0,0,0,0,0,0,0,0,0,0,0,0,0,0,0,0,0,0
