depth,min,max,median,mean,Alnus incana-type,Alnus viridis-type,Ambrosia/Iva,Arceuthobium,Asteroideae undiff.,Betula,Carya,Castanea,Cephalanthus occidentalis,Corylus,Cyperaceae,Equisetum,Fagus grandifolia,Indeterminable,Juglans cinerea,Juglans nigra,Liquidambar styraciflua,Lycopodiaceae undiff.,Nuphar,Nyssa,Osmunda regalis/O. claytoniana,Ostrya/Carpinus,Pinus undiff.,Platanus occidentalis,Poaceae,Populus,Quercus,Salix,Tsuga,Typha angustifolia/Sparganium,Unknown,Ericaceae,Fabaceae,Fraxinus undiff.,Osmundastrum cinnamomeum,Persicaria lapathifolia-type,Pinus subg. Pinus,Pinus subg. Strobus,Pteridium,Acer rubrum,Acer saccharum,Apiaceae,Brassicaceae,Ilex,Picea undiff.,Sagittaria,Ulmus,Cornus,Lamiaceae,Thalictrum,Tilia,Unknown (trilete) undiff.,Abies,Acer negundo,Amaranthaceae,Fraxinus pennsylvanica-type,Urticaceae,Nymphaea,Polypodiaceae,Fraxinus nigra-type,Plantago,Diospyros,Artemisia,Rhamnaceae,Acer undiff.,Botrychium,Sphagnum,Cupressaceae,Diphasiastrum complanatum,Alnus undiff.,Caryophyllaceae,Epilobium,Huperzia lucidula,Isoëtes lacustris,Lycopodium annotinum,Lycopodium obscurum,Polemonium,Coniferae undiff.,Huperzia selago,Sanguisorba canadensis,Larix,Menyanthes trifoliata,Picea glauca,Picea mariana,Rosaceae undiff.,Campanula,Cichorioideae,Selaginella selaginoides,Galium,Stuckenia vaginata-type,Drosera
0,9270,11700,10629,10579,0.242718447,0.242718447,3.398058252,0.242718447,1.699029126,1.699029126,3.398058252,0.970873786,2.912621359,0.485436893,2.184466019,0.72815534,0.485436893,0.485436893,0.242718447,0.485436893,0.242718447,0.485436893,1.45631068,0.242718447,1.45631068,0.485436893,20.14563107,0.242718447,0.485436893,0.242718447,50.48543689,2.427184466,0.242718447,0.242718447,1.213592233,0,0,0,0,0,0,0,0,0,0,0,0,0,0,0,0,0,0,0,0,0,0,0,0,0,0,0,0,0,0,0,0,0,0,0,0,0,0,0,0,0,0,0,0,0,0,0,0,0,0,0,0,0,0,0,0,0,0,0,0
10,9497,11900,10826,10784,0,0.220750552,1.545253863,0,0.441501104,4.635761589,2.649006623,5.298013245,15.67328918,0.220750552,1.103752759,0.441501104,0.441501104,0,0.662251656,0,0,0,0.441501104,0,0,1.103752759,7.06401766,0,0,0,45.91611479,5.298013245,0.220750552,0,1.545253863,0.220750552,0.441501104,0.441501104,1.103752759,0.220750552,1.545253863,0.883002208,0.220750552,0,0,0,0,0,0,0,0,0,0,0,0,0,0,0,0,0,0,0,0,0,0,0,0,0,0,0,0,0,0,0,0,0,0,0,0,0,0,0,0,0,0,0,0,0,0,0,0,0,0,0,0
20,9743,12075,11038,10990,0.230414747,0.230414747,0.921658986,0,0.230414747,2.764976959,2.534562212,2.073732719,13.82488479,0.230414747,2.764976959,0.230414747,0.69124424,0,0,0.230414747,0,0.460829493,0.460829493,0,0,0.460829493,6.451612903,0.230414747,0.460829493,0.230414747,50.46082949,5.99078341,0.69124424,0.460829493,1.382488479,0,0,0.460829493,0.460829493,0,0.69124424,0.460829493,0,0.460829493,0.230414747,0.230414747,0.460829493,0.230414747,0.460829493,0.69124424,0.460829493,0,0,0,0,0,0,0,0,0,0,0,0,0,0,0,0,0,0,0,0,0,0,0,0,0,0,0,0,0,0,0,0,0,0,0,0,0,0,0,0,0,0,0,0
30,9975,12260,11240,11197,0,0,0.43956044,0,0,1.538461538,2.637362637,2.417582418,24.3956044,0,1.318681319,0.43956044,0.21978022,0,0.21978022,0,0.21978022,0.43956044,0.43956044,0.21978022,0.21978022,0.659340659,4.835164835,0.659340659,0,1.098901099,41.97802198,8.571428571,0.21978022,0,0.21978022,0,0,0,0.21978022,0,0.659340659,0,0,0.659340659,0.21978022,0.21978022,0.21978022,0.21978022,0.21978022,0,0.21978022,0.659340659,0.43956044,0.43956044,0.21978022,1.978021978,0,0,0,0,0,0,0,0,0,0,0,0,0,0,0,0,0,0,0,0,0,0,0,0,0,0,0,0,0,0,0,0,0,0,0,0,0,0,0
40,10199,12439,11440,11403,0,0,0.854700855,0,0.854700855,2.279202279,4.273504274,5.698005698,9.401709402,0.284900285,3.133903134,0.284900285,0,0,0,0.284900285,0.284900285,0,0,0.56980057,1.13960114,0.56980057,6.837606838,0,1.709401709,0.284900285,47.86324786,4.843304843,0.284900285,0,2.849002849,0.284900285,0.284900285,0.284900285,0.56980057,0.284900285,0,1.424501425,0.284900285,0.284900285,0,0.284900285,0,0.284900285,0.284900285,0,0,0,0,0.284900285,0,0,0.284900285,0.284900285,0,0,0,0,0,0,0,0,0,0,0,0,0,0,0,0,0,0,0,0,0,0,0,0,0,0,0,0,0,0,0,0,0,0,0,0,0
50,10430,12624,11645,11606,0.263157895,0,1.052631579,0,0.526315789,2.368421053,3.684210526,2.368421053,8.947368421,0,3.947368421,0.263157895,0,0,0.263157895,0,0,0,0.789473684,1.315789474,0.263157895,0,7.368421053,0,1.578947368,1.578947368,50.26315789,3.421052632,0,0,0.526315789,0.263157895,0,0,1.315789474,1.052631579,1.052631579,1.315789474,1.842105263,0,0,0,0,0,0.526315789,0,0,0,0,0.263157895,0.263157895,0,0.526315789,0,0.263157895,0.263157895,0.263157895,0,0,0,0,0,0,0,0,0,0,0,0,0,0,0,0,0,0,0,0,0,0,0,0,0,0,0,0,0,0,0,0,0,0
60,10667,12802,11847,11812,0,0,1.020408163,0,0.255102041,3.571428571,4.336734694,1.020408163,10.96938776,0,2.551020408,0.255102041,0.255102041,0,0,0,0.255102041,0,2.295918367,0.510204082,1.020408163,1.275510204,7.397959184,0,2.040816327,0,49.48979592,5.867346939,0,0,2.551020408,0,0,0,0,0.255102041,0,1.275510204,0.255102041,0,0,0,0,0.255102041,0,0,0,0,0,0,0,0,0,0.255102041,0,0,0,0.510204082,0.255102041,0,0,0,0,0,0,0,0,0,0,0,0,0,0,0,0,0,0,0,0,0,0,0,0,0,0,0,0,0,0,0,0
70,10892,12995,12046,12015,0.20242915,0,1.012145749,0,0,0.809716599,5.870445344,0,13.36032389,0.4048583,0.20242915,0.4048583,0.809716599,0,0.20242915,0,0,0.20242915,1.214574899,1.619433198,0.20242915,0.4048583,9.109311741,0.607287449,0.607287449,0.607287449,45.5465587,12.34817814,1.012145749,0,0,0,0,0,0.4048583,0.809716599,0.4048583,0.4048583,0,0.20242915,0,0,0,0.20242915,0.20242915,0,0,0,0,0.20242915,0.20242915,0,0,0,0,0,0,0,0,0.20242915,0,0,0,0,0,0,0,0,0,0,0,0,0,0,0,0,0,0,0,0,0,0,0,0,0,0,0,0,0,0,0
80,11127,13181,12258,12223,0.371057514,0,0,0,0.927643785,1.669758813,4.638218924,0.185528757,10.7606679,0,0.371057514,0.742115028,0.556586271,0,0,0,0,0,0.742115028,1.669758813,0.185528757,0.185528757,6.493506494,0,4.081632653,0.371057514,41.92949907,16.14100186,2.040816327,0,1.484230056,0.185528757,0.185528757,0,0.371057514,1.484230056,0.556586271,0,0,0,0,0,0,0.742115028,0,0,0,0,0,0.371057514,0.185528757,0.185528757,0,0,0,0,0,0,0,0,0.185528757,0,0,0,0,0,0,0,0,0,0,0,0,0,0,0,0,0,0,0,0,0,0,0,0,0,0,0,0,0,0
90,11364,13366,12463,12428,0,0,0.634249471,0,0.21141649,1.691331924,6.131078224,0.21141649,4.016913319,0.21141649,0.21141649,0.21141649,1.691331924,0,0,0,0,0,0.21141649,1.057082452,0,0.21141649,9.302325581,0,2.748414376,0.422832981,53.06553911,8.033826638,3.382663848,0,1.268498943,0,0,0,0.634249471,1.268498943,0,0.21141649,0,0,0.21141649,0,0,0.634249471,0,0,0.422832981,0,0,0,0.21141649,0,0,0,0,0,0,0,0.422832981,0.422832981,0.21141649,0.422832981,0,0,0,0,0,0,0,0,0,0,0,0,0,0,0,0,0,0,0,0,0,0,0,0,0,0,0,0,0
100,11594,13541,12667,12631,0,0,0,0,0,0.836820084,3.347280335,0,10.041841,0,0.418410042,0.209205021,1.255230126,0,0.418410042,0,0,0,1.255230126,2.30125523,0,0,7.322175732,0,1.046025105,0.209205021,61.29707113,2.092050209,3.347280335,0.418410042,0.836820084,0,0,0,0,0.209205021,0.627615063,0,0.209205021,0.418410042,0,0,0,0.209205021,0,0,0.209205021,0,0,0,0.209205021,0,0,0,0,0,0,0,0,0,0,1.255230126,0,0,0,0,0,0,0,0,0,0,0,0,0,0,0,0,0,0,0,0,0,0,0,0,0,0,0,0,0
110,11851,13712,12865,12835,0,0,0.854700855,0,0.854700855,1.068376068,1.709401709,0.213675214,19.65811966,0,0.854700855,0,0.641025641,0,0,0,0,0,0.641025641,2.564102564,0.213675214,0.213675214,1.495726496,0.213675214,0.641025641,0.213675214,49.35897436,8.547008547,2.136752137,0,1.495726496,0,0,0,0,0.427350427,0.641025641,0,0,0.427350427,0,0,0,0.427350427,0,0,0.213675214,0.427350427,0,0.213675214,0.213675214,0,0,0,0.213675214,0,0,0.213675214,2.564102564,0,0,0,0.213675214,0.213675214,0,0,0,0,0,0,0,0,0,0,0,0,0,0,0,0,0,0,0,0,0,0,0,0,0,0,0
120,12104,13877,13073,13040,0,0,0.852878465,0,0.852878465,1.066098081,2.771855011,0.213219616,14.28571429,0,0.852878465,0,0,0,0.213219616,0,0,0,0,1.918976546,0.213219616,1.066098081,4.690831557,0,0.639658849,1.492537313,43.71002132,6.18336887,2.985074627,0,1.066098081,1.066098081,0.426439232,0,0,1.279317697,0.426439232,0.639658849,3.624733475,0,0,0,0,1.279317697,0,0,0.213219616,0,0,0.213219616,0,0,0,0,0,0,0,0,2.771855011,0,0,0.639658849,0,0,0.426439232,1.492537313,0.426439232,0,0,0,0,0,0,0,0,0,0,0,0,0,0,0,0,0,0,0,0,0,0,0,0
130,12372,14055,13281,13251,0,0,1.418439716,0,1.182033097,0.945626478,1.654846336,0,7.56501182,0,0.709219858,2.127659574,0.236406619,0,0.472813239,0,0,0,0,0.472813239,0,0.472813239,4.255319149,0,0.709219858,2.364066194,38.53427896,9.219858156,8.983451537,0,1.654846336,0.236406619,0,0,0,1.418439716,0,0,0.472813239,0,0.236406619,1.182033097,0,0,0,0,0,0,0,0,0.472813239,0.945626478,0,0,0,0,0,0,11.82033097,0,0,0.236406619,0,0,0,0,0,0,0,0,0,0,0,0,0,0,0,0,0,0,0,0,0,0,0,0,0,0,0,0,0
140,12632,14249,13523,13491,0,0,0,1.204819277,0,0,0,0,0.602409639,0,2.409638554,1.807228916,0,0,0,0,0,0,0,0,0,0,0.602409639,0,0,0.602409639,1.204819277,1.204819277,0.602409639,0.602409639,0,0,0,0,0,0.602409639,0,0,39.75903614,0,0,0,0,0,0,0,0,0,0,0,0,5.421686747,0.602409639,0,0,0,0,0,40.36144578,0,0,0,0,0,0,1.807228916,0,0.602409639,0,0,0,0,0,0,0,0,0,0,0,0,0,0,0,0,0,0,0,0,0,0,0
145,12771,14337,13645,13611,0.210970464,0,0,0,0.843881857,0.210970464,0,0,0.632911392,0.210970464,0,7.594936709,0,5.485232068,0,0,0,0.421940928,0,0.210970464,0,0.210970464,0,0,0.210970464,4.852320675,8.227848101,1.265822785,0.210970464,0.210970464,1.265822785,0,0,0,0,0,0.210970464,0,15.40084388,0,0,0,0,0,0,0,0,0,0,0.210970464,0,3.164556962,0.210970464,0,0,0,0,0,46.62447257,0,0,0,0,0,0,0.843881857,0,0.210970464,0.843881857,0,0,0,0,0,0,0,0,0,0,0,0,0,0,0,0,0,0,0,0,0,0
150,12907,14429,13760,13727,3.874813711,7.600596125,0.149031297,0.44709389,4.619970194,0,1.341281669,0,1.937406855,1.788375559,12.51862891,13.41281669,0,0.149031297,0,0.149031297,0,1.490312966,0,0.298062593,0,4.76900149,1.192250373,0,1.490312966,1.192250373,12.51862891,0.894187779,0.745156483,0,4.172876304,0,0,0,0,0.745156483,0.596125186,0,1.788375559,0.149031297,0.149031297,0,0,0,2.533532042,0,0,0,0,0.44709389,0,2.086438152,1.192250373,0,0,0,0,0,9.239940387,0,0,0,0,0,0,0.44709389,0,0,0.44709389,1.490312966,0.596125186,0.298062593,0.149031297,0.298062593,0.298062593,0.149031297,0.149031297,0,0,0,0,0,0,0,0,0,0,0,0,0,0
160,13185,14627,13996,13968,16.40091116,2.961275626,0.227790433,0,10.47835991,0.227790433,0.227790433,0,0,2.961275626,0.683371298,14.12300683,0,2.050113895,0,0,0,0,0.227790433,2.277904328,0,11.38952164,2.277904328,0,0.683371298,0,12.75626424,0.227790433,2.733485194,0.227790433,1.822323462,0,0,0,0,0.227790433,0,0.227790433,2.277904328,0,0,0,0,0,0.227790433,0,0,0,0,0.683371298,0,0,0.683371298,0,0,0,0,0,2.505694761,0,0,0,0,0,0,0.227790433,0,0.227790433,0,6.150341686,0.227790433,0,0,0,0,0,0.227790433,0.683371298,0.227790433,0.227790433,0,0,0,0,0,0,0,0,0,0,0
170,13501,14796,14237,14208,10.04672897,0.934579439,0,0,4.205607477,0.934579439,0.700934579,0.23364486,0,0.23364486,5.841121495,2.102803738,0,0,0,0,0,0.46728972,1.635514019,0.46728972,0,8.177570093,10.04672897,0,1.401869159,0.46728972,12.61682243,0,5.140186916,3.504672897,0.46728972,0,0,0,3.037383178,0.23364486,0.700934579,0.23364486,0.934579439,0.46728972,0.700934579,0,0.23364486,0,7.476635514,0,0,0.23364486,0,0.46728972,0.23364486,0,9.345794393,0,0,0,0,0,3.037383178,0,0,0,0,0,0,0,0.23364486,0,0,1.635514019,0.46728972,0,0,0.23364486,0,0,0,0,0,0,0.46728972,0,0,0,0,0,0,0,0,0,0
175,13647,14891,14353,14326,31.56779661,4.237288136,0,0.211864407,5.296610169,0.423728814,0,0,0,1.059322034,9.745762712,2.118644068,0,0,0,0,0,0,0.423728814,0,0,3.389830508,10.80508475,0,2.330508475,0.423728814,3.813559322,0,0,1.271186441,1.483050847,0,0,0,0,0,0.847457627,0,0,0.211864407,0,0,0,0,1.483050847,0,0.211864407,0,0,1.059322034,0.211864407,0,6.56779661,0,0,0,0,0,0,0,0,0,0,0,0,0,0,0.211864407,0,1.906779661,0,0.63559322,0,0.211864407,0,0,0.211864407,2.118644068,0,0,0,0.423728814,4.237288136,0.423728814,0.423728814,0,0,0,0,0,0
185,13947,15063,14592,14565,15.85365854,0.696864111,0,0.522648084,4.529616725,1.916376307,0.174216028,0,0.348432056,0.522648084,12.54355401,2.613240418,0,0.348432056,0,0,0,0,1.742160279,0,0,3.658536585,10.6271777,0,2.090592334,0.174216028,3.832752613,0.174216028,0,1.219512195,1.045296167,0,0,0,0,0,2.264808362,0.348432056,0.174216028,0.522648084,0.174216028,0,0,0,5.574912892,0,0.174216028,0,0,0.348432056,0,0.174216028,6.445993031,0.174216028,0,0,0,0,0.174216028,0,0,0,0,0,0,0,0.174216028,0,0,0.522648084,0,0.174216028,0,9.930313589,0,0,0,1.742160279,0,0.174216028,0,0,5.74912892,0.174216028,0,0.174216028,0,0,0,0,0
190,14082,15141,14706,14683,28.35595777,2.262443439,0,0,3.318250377,0.754147813,0.150829563,0,0,0.301659125,5.128205128,0.150829563,0,0,0,0,0,0,0.301659125,0,0,0.904977376,7.088989442,0,0.754147813,0,1.206636501,0.150829563,0,0.452488688,0.754147813,0,0,0,0,0,3.46907994,0.150829563,0.150829563,0.150829563,0,0,0,0,4.223227753,0,0,0,0,0.150829563,0,0,1.508295626,0,0,0,0,0,0.150829563,0,0,0,0,0,0,0,0,0,0,1.055806938,0,0.150829563,0,36.19909502,0.150829563,0,0,0,0,0.452488688,0,0,0,0,0,0,0,0,0,0,0
200,14411,15303,14937,14918,37.5,2.884615385,0,0.721153846,7.692307692,0.240384615,0,0,0,0,6.009615385,0.721153846,0,0,0,0,0,0,0.240384615,0,0,0.721153846,9.615384615,0,0.721153846,0,0.961538462,0,0,0.480769231,0.721153846,0,0,0,0,0,4.567307692,1.923076923,0,0,0,0.240384615,0,0,10.09615385,0,0,0,0,1.201923077,0,0,1.442307692,0,0,0,0,0,0.240384615,0,0,0,0,0,0,0,0,0,0,3.846153846,0,0,0,6.971153846,0,0,0,0,0,0,0,0.240384615,0,0,0,0,0,0,0,0,0
210,14764,15461,15170,15156,13.72997712,2.059496568,0.686498856,0.686498856,3.890160183,0.228832952,0,0,0,0.228832952,8.695652174,0.686498856,0.457665904,0,0,0,0,0.457665904,2.745995423,0,0.228832952,2.517162471,10.98398169,0,1.601830664,0.228832952,8.695652174,0,0,1.601830664,0.686498856,0,0,0.228832952,0,0,3.661327231,1.601830664,0,0.228832952,0.228832952,0,0.228832952,0,10.98398169,0,0,0.228832952,0,0.228832952,0,0,12.58581236,0,0,0,0,0,0,0,0,0,0,0,0,0.228832952,0,0,0,1.14416476,0.228832952,0,0,7.09382151,0,0,0,0,0,0,0,0,0,0,0,0,0,0,0,0,0
210.1,14770,15463,15171,15158,15.34090909,0.189393939,0.189393939,0.946969697,4.166666667,1.515151515,0.378787879,0,0,0.757575758,13.06818182,0.757575758,0.189393939,2.083333333,0,0,0,0,2.083333333,0,0,3.03030303,11.74242424,0,1.325757576,0.189393939,4.734848485,0,0,0.757575758,0.568181818,0,0,0,0,0,2.462121212,0.189393939,0.189393939,0,0.189393939,0,0,0,6.818181818,0,0,0,0.189393939,0.189393939,0,0,4.734848485,0,0,0,0,0,0,0.189393939,0,0,0,0,0,0,0,0,0.189393939,0,0,0,0,13.63636364,0,0,0,3.21969697,0.189393939,0.189393939,0,0,2.840909091,0,0.568181818,0,0,0,0,0,0
220,15091,15609,15360,15359,21.79878049,1.676829268,0,0,2.743902439,0.304878049,0.152439024,0,0,0,8.993902439,0.762195122,0,0,0,0,0,0,0.152439024,0,0,0.152439024,10.36585366,0,1.067073171,0,0.914634146,0,0,0.457317073,0.457317073,0,0,0.152439024,0,0,3.048780488,0.152439024,0,0,0,0,0,0,6.402439024,0,0,0,0,0.152439024,0,0,2.591463415,0,0,0,0,0,0,0,0,0,0,0,0,0,0,0.304878049,0.152439024,0,0,0.152439024,0,36.58536585,0,0,0,0,0,0.152439024,0,0,0,0,0.152439024,0,0,0,0,0,0
220.1,15092,15610,15362,15361,27.39965096,0.698080279,0,0.523560209,1.919720768,0.523560209,0,0,0,0,4.537521815,0.872600349,0,0.698080279,0,0,0,0.17452007,0,0,0,0.17452007,8.551483421,0,1.221640489,0,2.094240838,0,0,0.17452007,0.523560209,0,0,0,0,0,2.268760908,0.523560209,0.34904014,0.17452007,0,0,0.17452007,0,3.839441536,0,0.17452007,0,0,0.17452007,0,0,3.315881326,0,0,0,0,0,0,0.34904014,0,0,0,0,0,0.17452007,0,0,0,0.523560209,0,0,0,34.38045375,0,0,0,1.221640489,0,0.17452007,0,0.34904014,1.745200698,0,0,0,0,0,0,0,0
230,15231,15818,15519,15520,39.84962406,2.819548872,0.187969925,0.751879699,2.631578947,0.939849624,0,0,0,0,6.954887218,0.939849624,0,0,0,0,0,0,0.187969925,0,0,0.37593985,6.578947368,0,0.751879699,0,1.315789474,0,0,1.315789474,1.315789474,0,0,0,0,0,2.255639098,0.187969925,0,0,0,0,0,0,4.323308271,0,0.187969925,0,0,0.187969925,0,0,1.315789474,0,0.187969925,0,0,0,0,0,0,0,0,0,0,0,0,0,0,1.315789474,0,0,0,22.36842105,0,0,0.187969925,0,0,0,0,0.563909774,0,0,0,0,0,0,0,0,0
230.1,15232,15820,15521,15521,32.28782288,0.73800738,0,0,4.79704797,0,0,0,0,0,4.42804428,0,0.184501845,0.553505535,0,0,0,0,0,0,0,0.36900369,7.933579336,0,1.47601476,0,0.184501845,0,0,0.922509225,0,0,0,0,0,0,3.874538745,0,0,0.184501845,0,0,0,0,3.505535055,0,0,0,0,0.36900369,0,0,0.36900369,0.184501845,0,0,0,0,0,0.184501845,0,0,0,0,0,0.36900369,0,0,0,0.73800738,0,0,0,32.28782288,0,0,0.184501845,1.84501845,0,0.73800738,0,0,0.73800738,0.36900369,0,0,0.184501845,0,0,0,0
240,15355,16008,15670,15672,26.69245648,1.160541586,0,0.193423598,4.255319149,0.193423598,0,0,0.193423598,0,7.156673114,0,0,0,0,0,0,0,0.193423598,0,0,0.386847195,9.671179884,0,0.967117988,0,0.773694391,0.386847195,0,0.967117988,0.967117988,0,0,0.193423598,0,0,4.835589942,1.160541586,0,0,0,0,0.386847195,0,11.21856867,0,0,0,0,0.386847195,0,0.193423598,4.255319149,0,0,0,0,0,0.193423598,0,0,0,0,0,0,0.386847195,0,0,0,0.386847195,0,0,0,21.27659574,0,0,0,0,0,0.386847195,0,0.386847195,0,0,0,0,0,0.193423598,0,0,0
250,15478,16195,15823,15829,37.90983607,4.098360656,0,0.204918033,4.098360656,1.024590164,0,0,0,0,7.37704918,0.614754098,0.204918033,0,0,0,0,0,0.204918033,0,0,0,5.737704918,0,1.024590164,0,0.409836066,0.204918033,0,1.229508197,1.43442623,0,0,0,0,0,1.024590164,1.024590164,0,0,0,0,0,0,6.557377049,0,0,0,0,0.409836066,0,0,3.68852459,0,0,0,0,0,0,0,0,0,0,0,0,0,0,0,0,1.844262295,0,0,0,19.67213115,0,0,0,0,0,0,0,0,0,0,0,0,0,0,0,0,0
260,15614,16389,15982,15987,27.44310576,1.338688086,0,0.133868809,2.008032129,0.133868809,0,0,0,0,2.81124498,0.535475234,0,0,0.133868809,0,0,0.267737617,0.133868809,0,0,0.133868809,3.882195448,0,1.070950469,0,0.669344043,0.133868809,0,0.133868809,1.070950469,0,0,0,0,0.133868809,1.204819277,0.535475234,0,0,0,0,0,0,4.417670683,0,0.133868809,0,0,0.401606426,0,0,1.606425703,0,0,0,0,0,0,0,0,0,0,0,0,0,0.267737617,0,0,0.669344043,0.133868809,0.133868809,0,48.05890228,0.133868809,0,0,0,0,0.133868809,0,0,0,0,0,0,0,0,0,0,0
270,15742,16564,16137,16141,30.35439137,1.232665639,0,0.154083205,3.852080123,1.232665639,0,0,0,0.154083205,3.697996918,0.61633282,0,0,0,0,0,0,0,0,0,0,5.238828968,0,0.92449923,0,0,0,0,0.462249615,0,0,0,0,0,0,1.540832049,0.61633282,0.154083205,0,0,0,0.154083205,0,5.084745763,0,0,0,0,0.30816641,0,0,2.619414484,0,0,0,0,0,0,0,0,0,0,0,0,0.154083205,0,0,0.30816641,0.30816641,0,0,0,40.06163328,0,0,0,0,0,0.30816641,0,0.30816641,0,0,0.154083205,0,0,0,0,0,0
280,15876,16729,16294,16296,18.22033898,3.95480226,0,0,2.683615819,0.423728814,0,0,0,0,3.813559322,0.141242938,0.141242938,0,0,0,0,0,0.282485876,0,0,0.141242938,7.627118644,0,0.988700565,0,0.141242938,0,0,1.412429379,1.271186441,0,0,0,0,0,2.542372881,1.129943503,0,0,0,0,0,0,6.638418079,0,0,0,0.141242938,0,0,0.423728814,2.118644068,0,0,0,0,0,0.141242938,0.141242938,0,0,0,0,0,0.141242938,0.141242938,0,0.141242938,1.97740113,0,0,0,41.52542373,0,0,0,1.129943503,0,0.423728814,0,0,0,0,0,0,0,0,0,0,0
290,16014,16893,16450,16448,40.8203125,0.5859375,0,0.390625,4.6875,0.78125,0,0,0,0,2.734375,0.78125,0,0,0,0,0,0,0.1953125,0,0.1953125,0.5859375,11.9140625,0,0.9765625,1.171875,1.171875,0,0,0.390625,0.78125,0,0,0,0,0,3.125,0.390625,0.1953125,0,0,0.390625,0,0.1953125,3.7109375,0,0,0,0,0.390625,0,0,2.5390625,0,0,0,0,0,0,0.1953125,0,0,0,0,0,0,0,0,0,0,0.1953125,0.1953125,0,14.84375,0.1953125,0,0.1953125,0.9765625,0,0.5859375,0,0,3.125,0,0,0,0.1953125,0,0.1953125,0,0
300,16156,17045,16600,16603,29.50819672,4.754098361,0,0.655737705,3.114754098,1.31147541,0.163934426,0,0,0,3.606557377,0.163934426,0,0,0.163934426,0,0,0,0.163934426,0,0,0.327868852,6.557377049,0,0.983606557,0,0.983606557,0,0,0.491803279,1.147540984,0,0,0,0,0,0.983606557,0.819672131,0,0,0,0.163934426,0,0,6.721311475,0,0.163934426,0,0,0.327868852,0,0,2.62295082,0,0,0,0,0,0,0,0,0,0,0,0,0,0,0,0,2.786885246,0,0.163934426,0,28.68852459,0.327868852,0,0.163934426,1.31147541,0,0.163934426,0,0.163934426,0,0,0.163934426,0,0.163934426,0,0,0,0
310,16340,17242,16789,16792,45.38310413,1.571709234,0,0.196463654,5.697445972,1.178781925,0,0,0.196463654,0,3.536345776,0.785854617,0,0.392927308,0,0,0,0,0.392927308,0,0,0.392927308,9.823182711,0,0.785854617,0.196463654,1.571709234,0,0,0.785854617,0,0,0,0,0,0,2.161100196,0.392927308,0,0,0.196463654,0,0,0,1.964636542,0,0,0,0,0.392927308,0,0,1.571709234,0,0,0.196463654,0,0,0,0,0,0,0,0,0,0,0,0,0,0.785854617,0.196463654,0,0,14.93123772,0.196463654,0,0,1.178781925,0,0.589390963,0,0.196463654,1.768172888,0,0.196463654,0,0.196463654,0,0,0,0
310.1,16344,17244,16791,16794,46.70658683,2.395209581,0,0.199600798,4.99001996,0.998003992,0,0,0,0,2.994011976,0.399201597,0,0.598802395,0,0,0,0,0.798403194,0,0,0.598802395,6.786427146,0,1.19760479,0.199600798,1.397205589,0,0,0.998003992,0.199600798,0,0,0,0,0.199600798,1.397205589,0,0.199600798,0,0,0,0,0,6.387225549,0,0,0,0,0.399201597,0,0,1.397205589,0,0,0,0,0.199600798,0,0,0,0,0,0,0.199600798,0,0,0,0,0.798403194,0,0,0,13.37325349,0,0,0,2.994011976,0.199600798,0,0,0.199600798,0,0.399201597,0.199600798,0,0,0,0,0,0
320,16575,17454,16995,17003,37.01657459,5.524861878,0,0.184162063,6.077348066,1.289134438,0.184162063,0,0,0,2.394106814,0.368324125,0,0,0,0,0,0,0.552486188,0,0,0,8.839779006,0,0.552486188,0,0.184162063,0.184162063,0,0.552486188,0.368324125,0,0,0,0,0,1.473296501,1.104972376,0,0.184162063,0,0,0,0,4.419889503,0,0,0,0,0.368324125,0,0,2.209944751,0,0,0,0,0,0,0,0,0,0,0,0,0.184162063,0,0,0.184162063,0.920810313,0,0,0,22.28360958,0.184162063,0,0,1.289134438,0,0.184162063,0,0,0,0,0.368324125,0,0.368324125,0,0,0,0
330,16826,17626,17192,17211,21.69014085,0.563380282,0.14084507,0,4.225352113,0.422535211,0,0,0,0,3.098591549,2.394366197,0.14084507,0.563380282,0.14084507,0,0,0,0.281690141,0,0,0.845070423,11.4084507,0,1.830985915,1.408450704,0.845070423,0,0,0.281690141,0.14084507,0,0,0,0,0,0,0,0,0.14084507,0,0.14084507,0,0,1.971830986,0,0,0,0,0.281690141,0,0,1.690140845,0,0,0,0,0,0,0,0,0,0,0,0,0.14084507,0,0,0,0,0,0,0,37.04225352,0,0,0,2.816901408,0,0.14084507,0,0,4.225352113,0.563380282,0.14084507,0,0.14084507,0.14084507,0,0,0
335,16958,17712,17285,17315,22.88930582,0.750469043,0.187617261,0,4.315196998,1.500938086,0,0,0,0,2.251407129,3.752345216,0,0.562851782,0,0,0,0,0.375234522,0,0.187617261,0.187617261,15.57223265,0,0.938086304,0.375234522,0.938086304,0,0,0.750469043,0.375234522,0,0,0,0,0,0,0.187617261,0,0.187617261,0,0,0,0,9.943714822,0,0,0,0,0,0,0,6.003752345,0,0,0,0,0,0.187617261,0,0,0,0,0,0,0.187617261,0,0,0.375234522,0,0,0,0,13.8836773,0.375234522,0,0.187617261,3.001876173,0,0.187617261,0,0,5.816135084,3.377110694,0,0,0,0.187617261,0,0,0
340,17094,17785,17366,17419,5.150214592,2.253218884,0,0.214592275,1.287553648,0.214592275,0,0,0,0,0.858369099,2.789699571,0,0.429184549,0,0,0,0.107296137,0,0,0.107296137,0,12.55364807,0,0.643776824,0,0.965665236,0.107296137,0,1.60944206,0.536480687,0,0,0,0,0,0.214592275,0.429184549,0,0.107296137,0,0.107296137,0,0,7.510729614,0,0,0,0,0.321888412,0,0,1.60944206,0,0,0,0,0,0,0.107296137,0,0,0.214592275,0,0,0,0,0,0,1.716738197,0,0,0,52.89699571,0,0,0.107296137,2.467811159,0,0.107296137,0,0.429184549,1.287553648,0.107296137,0.107296137,0,0,0,0.107296137,0.214592275,0
345,17226,17989,17522,17569,0.486519359,0.32434624,0.02027164,0,0.28380296,0.12162984,0,0,0,0,0.527062639,0.932495439,0,0.2027164,0,0,0,0,0.02027164,0,0.02027164,0.04054328,3.608351916,0,0.12162984,0.1013582,0.16217312,0.02027164,0,0.38516116,0.02027164,0,0,0,0.02027164,0,0,0.02027164,0,0.02027164,0,0,0,0,1.013581999,0,0,0,0,0.02027164,0,0,0.16217312,0,0,0,0,0,0,0,0,0,0.04054328,0,0,0.02027164,0,0,0,0,0,0,0,89.94526657,0.02027164,0,0,0.32434624,0.02027164,0.06081492,0,0.14190148,0.466247719,0.28380296,0,0,0,0,0,0,0.02027164
350,17354,18328,17742,17769,4.40060698,1.062215478,0.151745068,0.151745068,0.606980273,0.303490137,0,0,0,0,3.793626707,10.77389985,0,1.062215478,0,0.151745068,0,0.303490137,0.151745068,0,0.455235205,0.151745068,15.17450683,0,0.91047041,0.151745068,2.579666161,0.151745068,0,1.820940819,0.606980273,0,0,0,0,0,2.124430956,0,0,0.151745068,0,0.455235205,0.151745068,0,10.92564492,0,0,0,0,0.303490137,0,0,3.338391502,0,0,0,0,0,0,0.303490137,0,0,0,0,0,0,0,0,0,0.606980273,0,0,0,29.59028832,0,0,0,2.427921093,0,0.151745068,0,0.606980273,2.579666161,0.606980273,0.606980273,0.151745068,0,0,0,0,0
360,17614,18855,18157,18175,0.514226945,0,0,0,0.548508742,0.068563593,0,0,0,0,0.37709976,0.822763113,0,0.342817964,0,0,0,0,0,0,0.102845389,0.034281796,5.073705862,0,0.308536167,0,0.274254371,0,0,0.308536167,0.068563593,0,0,0,0,0,0.137127185,0.068563593,0,0,0,0.068563593,0.171408982,0,4.079533768,0,0.034281796,0,0,0.068563593,0,0,0.514226945,0,0,0,0,0.274254371,0.034281796,0,0,0,0,0,0,0,0,0,0.034281796,0.102845389,0.034281796,0,0,84.29893726,0,0,0,0.925608502,0,0.205690778,0,0.034281796,0.068563593,0,0,0,0,0,0,0,0
370,17920,19322,18564,18580,6.849315068,0.249066002,0,0,1.286841013,0.332088003,0,0,0.041511,0,0.95475301,0.747198007,0,0.083022001,0,0,0,0,0.083022001,0,0.041511,0,5.064342051,0,0.373599004,0.083022001,0.207555002,0,0,0.207555002,0.166044002,0,0,0,0,0,0,0,0,0.083022001,0,0,0,0,1.826484018,0,0,0,0,0,0,0,0.747198007,0,0,0,0,0,0.041511,0,0,0,0,0,0,0.124533001,0,0.041511,0,0,0,0,0,78.82938979,0,0,0,0.498132005,0,0.041511,0,0,0.415110004,0.581154006,0,0,0,0,0,0,0
380,18249,19737,18980,18983,0.222222222,0.013888889,0.013888889,0,0.194444444,0.111111111,0.013888889,0,0,0.013888889,0.277777778,0.930555556,0,0.041666667,0,0,0,0,0.027777778,0,0.069444444,0.013888889,3.375,0,0.111111111,0,0.083333333,0,0.013888889,0.194444444,0.027777778,0,0,0,0,0.013888889,0,0,0,0,0,0,0,0,0.875,0,0,0.013888889,0,0.027777778,0,0,0.152777778,0,0.013888889,0.027777778,0,0,0,0.013888889,0,0,0.083333333,0,0,0,0,0,0,0,0,0,0,91.98611111,0,0,0,0.25,0,0.013888889,0,0,0.375,0.388888889,0.013888889,0,0,0,0,0,0
390,18598,20125,19389,19384,0.037714501,0.056571752,0.037714501,0.018857251,0.188572506,0.094286253,0.018857251,0,0,0,0.30171601,1.829153309,0,0.018857251,0,0,0,0,0,0,0,0,3.733735621,0,0.188572506,0,0.113143504,0.037714501,0,0.150858005,0.169715256,0,0,0,0,0,0,0,0,0,0,0,0.037714501,0,1.866867811,0,0,0,0,0.094286253,0,0,0.075429002,0,0.018857251,0,0,0,0,0,0,0,0.018857251,0,0,0.037714501,0,0,0,0,0,0,0,89.76051292,0,0,0,0.32057326,0,0.056571752,0,0,0.282858759,0.396002263,0,0,0.018857251,0,0,0.018857251,0
400,18941,20485,19795,19785,0,0.019004181,0.019004181,0,0.085518814,0,0,0,0,0,0.095020905,1.349296845,0,0,0,0,0,0,0,0,0,0,1.558342835,0.00950209,0.123527176,0.00950209,0.057012543,0,0,0.104522995,0.066514633,0,0,0,0,0,0.057012543,0.104522995,0,0,0,0.00950209,0.00950209,0,0.988217408,0,0,0,0,0.019004181,0,0,0.019004181,0,0.019004181,0,0,0,0,0,0,0,0,0,0,0,0,0,0,0,0.019004181,0.00950209,0,95.0209046,0,0,0,0.171037628,0,0.019004181,0,0,0,0,0,0,0.028506271,0.00950209,0,0,0
400.1,18943,20490,19798,19788,0.02787327,0.00929109,0,0,0.102201988,0.00929109,0,0,0,0.00929109,0.325188145,1.709560531,0,0.00929109,0,0,0,0,0,0,0,0.037164359,2.657251696,0,0.111493078,0.00929109,0.065037629,0.00929109,0,0.102201988,0.148657438,0,0,0,0,0,0,0,0,0,0,0,0.00929109,0,1.077766422,0,0,0,0,0,0,0,0.00929109,0,0,0,0,0,0,0,0,0,0,0,0,0.00929109,0,0,0,0,0,0,0,92.91089845,0,0,0,0.092910898,0,0.01858218,0,0,0.222986156,0.250859426,0,0,0.037164359,0,0.00929109,0.00929109,0
405,19056,20614,19933,19911,0,0,0,0,2.819956616,0,0,0,0,0,1.084598698,0.21691974,0,1.301518438,0,0,0,0,0,0,0,0,50.97613883,0,0,0,0.433839479,0,0.21691974,0,0.433839479,0,0,0,0,0,0,0,0,0,0,0.433839479,0,0,20.60737527,0,0,0,0,0,0,0.21691974,0.433839479,0,0,0,0,0,0,0,0,0,0,0,0,0,0,0,0,0.21691974,0,0,0,0.433839479,0,0,0,16.70281996,0,0,0,0,0.433839479,2.386117137,0.650759219,0,0,0,0,0,0
