depth,strat,min,max,median,mean,Acer rubrum,Amaranthaceae,Ambrosia-type,Anacardiaceae,Asteroideae undiff.,Betula,Carya,Cyperaceae,Fagus,Fraxinus pennsylvanica-type,Ilex,Juglans cinerea,Lemnoideae,Liquidambar,Lycopodium-type,Nyssa,Osmunda,Pinus,Plantago,Platanus,Poaceae undiff.,Potentilla-type,Quercus,Rhamnaceae/Vitaceae undiff.,Rubiaceae,Rumex,Salix,Tsuga,Ulmus,Urtica-type,Alnus incana-type,Artemisia,Castanea,Dryopteris-type,Ericaceae,Ostrya/Carpinus,Poaceae (Cerealia),Sparganium-type,Abies,Juglans nigra,Picea,Pteridium-type,Sphagnum,Unknown,Acer saccharum-type,Fraxinus nigra-type,Populus,Corylus,Myrica,Thalictrum,Polygonum sensu lato,Typha latifolia,Caprifoliaceae sensu lato,Diospyros-type,Potamogetonaceae,Sagittaria,Rhamnaceae,Brasenia schreberi,Isoëtes,Sanguisorba,Alnus viridis-type,Caryophyllaceae,Nuphar,Onagraceae,Spermatophyta undiff. (aquatics),Cichorioideae,Cupressaceae,Menyanthes trifoliata,Myriophyllum,Lamiaceae,Polypodiophyta undiff.,Athyrium,Polemoniaceae,Brassicaceae,Equisetum,Campanulaceae
0,silty peat,12569,13268,12942,12934,11.17647059,0.294117647,7.647058824,0.588235294,0.588235294,5,1.470588235,1.176470588,0.294117647,0.882352941,0.588235294,0.294117647,0.882352941,0.294117647,0.294117647,1.176470588,1.176470588,5,0.882352941,1.176470588,5.588235294,1.176470588,43.23529412,0.294117647,5.294117647,0.294117647,1.176470588,0.294117647,0.882352941,0.882352941,0,0,0,0,0,0,0,0,0,0,0,0,0,0,0,0,0,0,0,0,0,0,0,0,0,0,0,0,0,0,0,0,0,0,0,0,0,0,0,0,0,0,0,0,0,0
5,silty peat,12595,13288,12968,12959,0.696055684,0.232018561,24.12993039,0,6.728538283,2.552204176,0.464037123,1.160092807,0.232018561,0.232018561,0.464037123,0,0,0,0.232018561,1.62412993,0,1.392111369,0.696055684,0,5.104408353,0,26.68213457,0,16.70533643,1.62412993,0,0,0.232018561,0.464037123,0.464037123,0.464037123,3.712296984,0.464037123,0.232018561,0.464037123,1.392111369,1.160092807,0,0,0,0,0,0,0,0,0,0,0,0,0,0,0,0,0,0,0,0,0,0,0,0,0,0,0,0,0,0,0,0,0,0,0,0,0,0
10,silty peat,12625,13310,12993,12985,0.279329609,0,20.39106145,0,0.558659218,0.837988827,1.396648045,2.51396648,1.396648045,0.279329609,1.117318436,0.279329609,0,0,0,0.837988827,1.396648045,3.910614525,2.51396648,0,2.234636872,0,31.00558659,0,5.865921788,0.837988827,0,1.117318436,0.279329609,0,0.279329609,0.558659218,13.68715084,3.631284916,0,0.279329609,0,0.837988827,0.279329609,0.279329609,0.279329609,0.279329609,0.279329609,0.279329609,0,0,0,0,0,0,0,0,0,0,0,0,0,0,0,0,0,0,0,0,0,0,0,0,0,0,0,0,0,0,0,0
15,silty peat,12651,13334,13018,13010,0.755667506,0,0.755667506,0,0.503778338,2.267002519,2.267002519,3.274559194,1.007556675,0.251889169,0.251889169,0,0,0,0,1.259445844,2.770780856,3.526448363,3.526448363,0,2.01511335,0,41.56171285,0,6.04534005,0.503778338,0,0.251889169,0.503778338,0,1.259445844,0,13.60201511,9.823677582,0.503778338,0.251889169,0.251889169,0,0,0,0,0.251889169,0.503778338,0,0.251889169,0,0,0,0,0,0,0,0,0,0,0,0,0,0,0,0,0,0,0,0,0,0,0,0,0,0,0,0,0,0,0
20,silty peat,12686,13357,13043,13036,0.925925926,0,0,0,0,2.546296296,2.546296296,3.009259259,2.314814815,0.231481481,0.462962963,0,0,0.231481481,0,0.462962963,3.472222222,2.546296296,0,0,1.157407407,0,41.89814815,0,9.490740741,0,0,1.157407407,0,0,0.694444444,0,13.19444444,11.57407407,0.462962963,0,0,0.231481481,0,0,0,0,0.462962963,0,0,0.462962963,0.462962963,0,0,0,0,0,0,0,0,0,0,0,0,0,0,0,0,0,0,0,0,0,0,0,0,0,0,0,0,0
25,silty peat,12711,13379,13069,13061,0.409836066,0,0.204918033,0,0.204918033,2.459016393,2.459016393,3.073770492,1.024590164,0,1.024590164,0,0,0.204918033,0,1.024590164,9.221311475,2.049180328,0,0,2.049180328,0,39.95901639,0,5.532786885,0,0,1.024590164,0,0,0.204918033,0,8.196721311,18.44262295,0.204918033,0,0,0.409836066,0,0,0,0,0,0,0,0,0,0.204918033,0.204918033,0.204918033,0,0,0,0,0,0,0,0,0,0,0,0,0,0,0,0,0,0,0,0,0,0,0,0,0,0
30,silty peat,12738,13403,13094,13087,0.503778338,0,0,0,0,1.511335013,4.0302267,2.770780856,1.511335013,0.251889169,1.511335013,0,0,0.251889169,0,1.007556675,3.022670025,2.267002519,0,0,2.770780856,0,50.62972292,0,2.770780856,0,0,1.259445844,0,0,0.503778338,0,8.060453401,11.58690176,1.007556675,0.755667506,0,0,0,0,0,0.503778338,1.007556675,0.251889169,0,0,0,0,0,0,0.251889169,0,0,0,0,0,0,0,0,0,0,0,0,0,0,0,0,0,0,0,0,0,0,0,0,0
35,silty peat,12756,13426,13120,13111,0.335008375,0,0.167504188,0,0.335008375,1.675041876,2.010050251,3.182579564,0.502512563,0,0,0,0,0,0.167504188,0,0.167504188,2.847571189,0,0.335008375,2.680067002,0,32.32830821,0,10.05025126,0,0,0.167504188,0,0,0.837520938,0,7.370184255,31.65829146,0.502512563,0.335008375,0,1.172529313,0,0,0.167504188,0,0,0.167504188,0.167504188,0,0,0,0,0,0.502512563,0.167504188,0,0,0,0,0,0,0,0,0,0,0,0,0,0,0,0,0,0,0,0,0,0,0,0
40,silty peat,12789,13450,13147,13137,0.63559322,0,0.211864407,0,0.63559322,2.966101695,1.059322034,3.813559322,1.694915254,0,0.423728814,0,0,0,0.211864407,2.754237288,0,2.542372881,0,0,3.813559322,0,42.37288136,0,14.61864407,0,0,1.694915254,0,0.847457627,1.694915254,0,0.211864407,12.71186441,1.059322034,0.63559322,0,0.63559322,0.423728814,0,0,0,0.211864407,0.423728814,0,0.211864407,0.211864407,0,0,0.211864407,0,0,0.423728814,0.211864407,0.211864407,0.211864407,0,0,0,0,0,0,0,0,0,0,0,0,0,0,0,0,0,0,0,0
45,silty peat,12820,13471,13171,13163,0.254452926,0,0.254452926,0,0,2.544529262,2.544529262,5.089058524,0.508905852,0,0.508905852,0,0,0.254452926,0.254452926,3.562340967,0.508905852,3.053435115,0,0,8.905852417,0,54.19847328,0,5.597964377,0,0,2.03562341,0.508905852,0.763358779,1.272264631,0,0.763358779,2.03562341,1.017811705,1.272264631,0,0,0,0,0.254452926,0,0,0.508905852,0.254452926,0,0,0.254452926,0,0,0,0,1.017811705,0,0,0,0,0,0,0,0,0,0,0,0,0,0,0,0,0,0,0,0,0,0,0
50,silty peat,12845,13494,13198,13188,0,0,0.436681223,0,1.746724891,3.493449782,0.655021834,3.930131004,2.620087336,0,0.218340611,0,0,0,0,3.056768559,0.873362445,3.711790393,0,0,3.930131004,0,40.82969432,0,10.48034934,0,0.218340611,3.056768559,0.218340611,0,1.746724891,0,0.436681223,14.41048035,0.218340611,0,0,0,0.436681223,0.436681223,0.436681223,0.436681223,0.436681223,0,0.218340611,0,0.218340611,0,0,0,0,0,0.873362445,0,0,0,0.218340611,0,0,0,0,0,0,0,0,0,0,0,0,0,0,0,0,0,0,0
52.5,organic silt with plant fragments,12859,13503,13211,13200,0.274725275,0,0.549450549,0,1.923076923,8.516483516,0.274725275,1.923076923,1.098901099,0,0,0,0,0,0.274725275,0.274725275,0.824175824,33.51648352,0,0,3.021978022,0.274725275,17.85714286,0,2.472527473,0,0,0.824175824,0.274725275,0,3.571428571,0,0,3.846153846,0,2.472527473,0,0,2.197802198,0,3.571428571,0.274725275,0,0,0,1.098901099,0,2.747252747,0,0,0,0,0.274725275,0,0,0.274725275,0,1.098901099,4.120879121,0.274725275,0,0,0,0,0,0,0,0,0,0,0,0,0,0,0,0
55,organic silt with plant fragments,12870,13514,13223,13213,0.464037123,0,0,0,0.928074246,4.872389791,0,3.248259861,0.464037123,0,0,0,0,0,0.464037123,1.62412993,0.696055684,23.66589327,0,0,3.712296984,0,19.95359629,0,7.656612529,0,0,0.928074246,0.232018561,0.232018561,4.872389791,0,0.232018561,11.60092807,0,1.160092807,0,0,0.928074246,0.232018561,3.016241299,0.928074246,0.232018561,0,0,0.928074246,0,0.928074246,0,0,0,0,0.696055684,0,0,0,0,0.232018561,3.248259861,0.232018561,0.464037123,0.232018561,0.232018561,0.232018561,0.232018561,0,0,0,0,0,0,0,0,0,0,0
57.5,organic silt with plant fragments,12886,13526,13235,13225,0,0,0.299401198,0,0.598802395,12.2754491,0.299401198,3.293413174,0.299401198,0,0,0,0,0,0,0.598802395,0,35.62874251,0,0,2.395209581,0.299401198,8.682634731,0,0.299401198,0,0.898203593,0.299401198,0.598802395,0,3.892215569,0,0,3.592814371,0,3.293413174,0,0,1.796407186,0,6.28742515,0.598802395,0.898203593,0,0,2.395209581,0,0.898203593,0,0,0,0.299401198,0,0,0,0,0,1.19760479,5.089820359,0,0,0,2.395209581,0,0,0.299401198,0.299401198,0,0,0,0,0,0,0,0,0
60,organic silt with plant fragments,12899,13541,13247,13238,0,0,0.295857988,0,1.775147929,6.50887574,0,3.25443787,0.295857988,0,0,0,0,0,0.295857988,0,0.295857988,38.16568047,0,0,2.071005917,0.591715976,5.621301775,0,0,0,0.591715976,0,0,0,7.396449704,0,0,1.183431953,0,3.25443787,0,0,2.662721893,0,4.437869822,2.958579882,0,0,0.591715976,3.846153846,1.183431953,0.887573964,0,0,0,0,0,0,0.295857988,0,0,1.775147929,8.875739645,0,0,0,0.591715976,0,0,0,0,0.295857988,0,0,0,0,0,0,0,0
70,organic silt with plant fragments,12954,13583,13298,13289,0,0,0,0,0.526315789,6.315789474,0.263157895,5.263157895,0.263157895,0.263157895,0,0,0,0,1.842105263,0,0,32.63157895,0,0,5,1.052631579,3.684210526,0,0,0,0.789473684,0,0.263157895,0,4.210526316,0,0,0.789473684,0,3.157894737,0,0,3.421052632,0,3.684210526,1.842105263,0.526315789,0,0,2.105263158,0.526315789,0.263157895,0,0,0,0,0.263157895,0,0,0,0,2.894736842,16.57894737,0.526315789,0,0,0.263157895,0,0,0,0.263157895,0,0.526315789,0,0,0,0,0,0,0
80,organic silt with plant fragments,13015,13631,13350,13342,0,0,0,0,1.570680628,5.235602094,0.261780105,1.308900524,0.261780105,0,0,0,0,0,0.785340314,0,0,36.91099476,0,0,1.832460733,0.261780105,6.806282723,0,0,0,0.261780105,0,0.261780105,0,4.712041885,0.785340314,0,1.570680628,0,3.141361257,0,0,2.356020942,0,4.188481675,1.047120419,0.261780105,0,0,2.879581152,0.785340314,0.261780105,0,0,0,0,0.523560209,0,0.261780105,0,0,1.047120419,19.63350785,0,0,0,0.523560209,0,0,0,0.261780105,0,0,0,0,0,0,0,0,0
90,organic silt with plant fragments,13073,13678,13407,13397,0,0,0.281690141,0,1.126760563,6.197183099,0.281690141,3.661971831,0.281690141,0,0.281690141,0,0,0,0.281690141,0,0.563380282,34.64788732,0,0,1.971830986,0.281690141,10.14084507,0,0.845070423,0,0.563380282,0,0.281690141,0.281690141,4.225352113,0,0.281690141,3.38028169,0.281690141,3.38028169,0,0.281690141,3.661971831,0,3.098591549,1.126760563,0.281690141,0,0.281690141,1.971830986,0.563380282,0.845070423,0.281690141,0,0,0,0,0,0.281690141,0,0,2.816901408,10.14084507,0.281690141,0,0,0.281690141,0,0,0,0,0,0.281690141,0,0,0,0,0,0,0
100,organic silt with plant fragments,13137,13731,13463,13452,0,0,0,0,1.044386423,4.960835509,0.261096606,4.699738903,0,0,0,0,0,0,1.305483029,0,0,35.50913838,0,0.261096606,1.82767624,0.261096606,6.005221932,0,0,0,0.261096606,0,0,0,2.872062663,0,0.261096606,0.783289817,0,2.610966057,0,0.261096606,3.394255875,0,7.049608355,2.088772846,0.522193211,0,0,1.044386423,0.261096606,0.522193211,0.261096606,0,0,0,0.261096606,0,0,0,0,1.305483029,19.58224543,0.522193211,0,0,0,0,0,0,0,0,0,0,0,0,0,0,0,0
110,organic silt with plant fragments,13196,13777,13517,13507,0,0,0.238663484,0,0.238663484,3.579952267,0,3.102625298,0.238663484,0,0,0,0,0,2.14797136,0,0,36.27684964,0,0,2.386634845,0.715990453,5.011933174,0,0,0,0.477326969,0,0,0.238663484,3.341288783,0.238663484,0,1.193317422,0,2.14797136,0,0.238663484,1.909307876,0,3.579952267,0.715990453,0.238663484,0,0,1.431980907,0,0.715990453,0,0.238663484,0,0,0,0,0,0,0,1.909307876,26.49164678,0.954653938,0,0,0,0,0,0,0,0,0,0,0,0,0,0,0,0
120,organic silt with plant fragments,13259,13821,13571,13562,0,0,0.485436893,0,1.699029126,4.611650485,0,3.155339806,0,0,0,0,0,0,0.72815534,0,0,30.82524272,0,0,1.699029126,0.242718447,5.582524272,0,0,0,0.485436893,0,0.72815534,0,1.213592233,0,0,0.485436893,0,3.398058252,0,0.242718447,4.854368932,0,5.825242718,0.72815534,0.242718447,0,0,2.912621359,0.242718447,0.970873786,0,0.242718447,0,0,0.242718447,0,0,0.242718447,0,1.213592233,25.48543689,0.242718447,0.242718447,0,0,0,0,0,0.242718447,0,0.242718447,0.242718447,0,0,0,0,0,0
130,organic silt with plant fragments,13329,13869,13626,13617,0,0,0.506329114,0,1.518987342,5.316455696,0,4.303797468,0.506329114,0,0,0,0,0.253164557,0.506329114,0,0,27.59493671,0,0,3.544303797,0.759493671,5.569620253,0,0.253164557,0,0.759493671,0,0,0.253164557,3.544303797,0,0,2.025316456,0,3.797468354,0,0,2.53164557,0,6.075949367,2.53164557,0.506329114,0,0,1.265822785,0,0.759493671,0,0,0,0,0,0,0,0,0,1.772151899,22.02531646,0.506329114,0.506329114,0,0.253164557,0,0,0,0,0,0,0,0.253164557,0,0,0,0,0
135,organic silt with plant fragments,13360,13896,13655,13645,0.244498778,0,0,0,1.222493888,4.400977995,0.244498778,2.689486553,0.488997555,0,0,0,0,0,0.97799511,0,0,28.11735941,0,0,1.95599022,0.733496333,5.86797066,0,0,0,0.488997555,0,0.244498778,0,2.689486553,0,0,1.222493888,0.244498778,3.178484108,0,0,2.93398533,0,11.73594132,0.488997555,0.244498778,0.244498778,0,1.466992665,0.97799511,0.244498778,0.244498778,0,0,0,0,0,0,0,0,1.95599022,23.47188264,0.488997555,0,0,0,0,0,0,0,0,0.244498778,0,0,0.244498778,0,0,0,0
140,organic silt with plant fragments,13390,13917,13684,13672,0,0,0.284900285,0,4.843304843,2.849002849,0,3.988603989,0,0,0,0,0,0,0.56980057,0,0,11.11111111,0,0,7.122507123,0.56980057,4.558404558,0,0,0,1.994301994,0,0,0.56980057,3.418803419,0,0,4.558404558,0.284900285,0.854700855,0,0.854700855,0.284900285,0,25.07122507,0.284900285,0.284900285,0.56980057,0,1.13960114,0.284900285,0.56980057,0,0.284900285,0,0,0,0,0,0.284900285,0,0,15.38461538,4.273504274,0.284900285,0,0,0,0,0,0.284900285,0,0,0,1.13960114,0.854700855,0.284900285,0,0,0
145,organic silt with plant fragments,13424,13939,13713,13699,0,0,0.968992248,0,3.100775194,3.488372093,0,1.162790698,0,0,0,0,0,0,1.356589147,0,0,12.20930233,0,0,4.069767442,0.581395349,5.23255814,0,0,0,0.387596899,0,0,0,1.744186047,0.19379845,0,1.356589147,0,2.519379845,0,0.19379845,0.775193798,0,15.11627907,0.581395349,0.19379845,0.19379845,0,0.775193798,0.19379845,0.19379845,0,0,0,0,0,0,0,0.19379845,0,0,40.69767442,1.744186047,0,0,0,0,0,0,0.387596899,0,0,0,0,0,0,0.19379845,0.19379845,0
150,organic silt with plant fragments,13457,13967,13741,13727,0,0,0.31152648,0,1.246105919,6.853582555,0.62305296,2.492211838,0,0,0,0,0,0,0.934579439,0,0,26.47975078,0,0,5.607476636,0.62305296,9.657320872,0,0,0.62305296,0,0,0,0,1.557632399,0.31152648,0,2.492211838,0,5.607476636,0,0,2.492211838,0,19.31464174,1.557632399,0,0.31152648,0,0.62305296,0.31152648,0.934579439,0,0,0,0,0,0,0,0.31152648,0.31152648,0.62305296,3.115264798,1.246105919,0.31152648,0,0.31152648,0,0,0,0,0,0.31152648,0,1.869158879,0.31152648,0,0,0.31152648,0
155,organic silt with plant fragments,13484,13987,13767,13752,0,0,0.325732899,0,3.25732899,5.537459283,0,2.931596091,0,0,0,0,0,0,1.628664495,0,0,17.91530945,0,0,6.840390879,0.325732899,5.211726384,0,0,0,2.280130293,0,0,0,0.977198697,0.325732899,0,3.25732899,0,3.25732899,0,0.325732899,2.280130293,0,33.8762215,1.302931596,0.651465798,0.325732899,0,1.302931596,0,0.325732899,0,0.325732899,0,0,0.325732899,0,0,0.325732899,0,0,0,3.25732899,0,0,0,0,0,0,0.977198697,0,0,0,0,0.325732899,0,0,0,0
160,organic silt with plant fragments,13512,14010,13790,13777,0,0,0,0,2.313624679,4.11311054,0,3.341902314,0,0,0,0,0,0,0.514138817,0,0,10.28277635,0,0,5.655526992,0.257069409,1.028277635,0,0,0,0.257069409,0,0.257069409,0.257069409,2.05655527,0,0,3.341902314,0,0,0,1.285347044,0,0,37.27506427,0,0,0.257069409,0,1.028277635,0.257069409,0,0,1.028277635,0,0,0.257069409,0,0,0,0,0,21.59383033,2.05655527,0.514138817,0.257069409,0.257069409,0,0,0,0,0,0,0,0.257069409,0,0,0,0,0
170,organic silt with plant fragments,13557,14059,13838,13826,0,0,0,0,6.269592476,1.880877743,0,1.880877743,0,0,0,0,0,0,0.940438871,0,0,13.47962382,0,0,6.5830721,0.626959248,1.567398119,0,0,0.313479624,0.313479624,0,0,0,1.567398119,0.313479624,0,3.448275862,0.313479624,0,0,0.313479624,0,0.313479624,47.3354232,0,0.313479624,1.253918495,0,0,0,0,0,0,0,0,0,0,0,0.313479624,0,0,2.507836991,5.956112853,0.940438871,0,0,0,0,0,0.626959248,0,0,0,0,0.313479624,0,0,0.313479624,0
180,organic silt with plant fragments,13604,14108,13886,13874,0,0,0,0,5.280528053,3.630363036,0,2.310231023,0,0,0,0,0,0,0.99009901,0,0,13.86138614,0,0,2.97029703,0.330033003,2.640264026,0,0,0.660066007,0.660066007,0,0,0.660066007,3.630363036,0,0,4.290429043,0.330033003,0.660066007,0,0,0,0,44.55445545,0.330033003,0,0,0,0.660066007,1.320132013,0,0,0,0.330033003,0,0,0,0,0,0,0,1.98019802,5.280528053,1.320132013,0,0,0,0,0,1.320132013,0,0,0,0,0,0,0,0,0
190,organic silt with plant fragments,13657,14152,13932,13923,0,0,0,0,2.53164557,3.164556962,0,1.265822785,0,0,0,0.316455696,0,0,1.265822785,0,0,13.29113924,0,0,4.746835443,0.949367089,1.898734177,0,0,0,0.632911392,0,0,0.632911392,2.53164557,0.316455696,0,3.481012658,0,0.316455696,0,0.316455696,0,0.316455696,50.3164557,0.316455696,0,0.632911392,0,0.316455696,0.316455696,0,0,0.316455696,0,0,0,0,0,0,0,0,3.797468354,2.53164557,0,0,0,0,0,0,0,0,0,0,0,3.481012658,0,0,0,0
200,organic silt with plant fragments,13707,14201,13978,13971,0,0.314465409,0,0,3.773584906,2.201257862,0,0.628930818,0,0,0,0,0,0,0.943396226,0,0,12.57861635,0,0,2.830188679,0,2.830188679,0,0,0.314465409,0.314465409,0,0.314465409,0.943396226,3.144654088,0.314465409,0,2.201257862,0,0.314465409,0,0,0,0,50,0,0.628930818,0,0,0,0,0.943396226,0.314465409,0.314465409,0,0,0,0,0,0,0,0,5.660377358,5.974842767,1.886792453,0,0,0,0,0,0.314465409,0,0,0,0,0,0,0,0,0
210,organic silt with plant fragments,13762,14250,14026,14020,0,0,0.317460317,0,3.80952381,3.492063492,0,0.634920635,0,0,0,0,0,0,0.317460317,0,0,13.33333333,0,0,3.174603175,0.317460317,1.904761905,0,0,0,0.952380952,0,0,0,1.587301587,0,0,2.53968254,0.634920635,0.634920635,0,0,0,0,53.01587302,0,0,0,0,0,0,0,0,0.634920635,0,0,0,0,0,0,0,0,2.53968254,5.396825397,1.904761905,0,0,0,0,0,0.317460317,0,0,0,0,2.53968254,0,0,0,0
220,organic silt with plant fragments,13812,14301,14073,14069,0,0.316455696,0.316455696,0,4.746835443,5.696202532,0.316455696,2.215189873,0.316455696,0,0,0,0,0,2.215189873,0,0,13.92405063,0,0,3.164556962,1.582278481,1.265822785,0,0.316455696,0,0.316455696,0,0.316455696,0,6.012658228,0.632911392,0,1.265822785,0.316455696,0.316455696,0,0.316455696,0.316455696,0,42.72151899,0,0.632911392,0,0,0,0,0.632911392,0,0.632911392,0,0,0,0,0,0,0,0,2.53164557,5.063291139,0,0,0,0,0,0,0.316455696,0,0,0,0,1.265822785,0,0,0,0
230,organic silt with plant fragments,13865,14350,14120,14118,0,0,0,0,5.194805195,6.168831169,0,1.298701299,0,0.324675325,0,0,0,0,0,0,0,9.415584416,0,0,5.194805195,0.649350649,3.571428571,0,0.324675325,0.324675325,0.974025974,0,0,0.324675325,3.896103896,0.649350649,0,1.948051948,0.324675325,0.324675325,0,0,0,0,50.32467532,0.649350649,0.324675325,0,0,1.298701299,0,0,0,0,0,0,0,0,0,0,0,0,2.272727273,4.220779221,0,0,0,0,0,0,0,0,0,0,0,0,0,0,0,0
235,organic silt with plant fragments,13887,14373,14143,14141,0,0,0.3125,0,5.9375,9.0625,0.625,1.875,0,0,0,0,0,0,0.9375,0,0,12.5,0,0,4.375,0,1.25,0,0,0.3125,0,0,0.3125,0,2.8125,0,0,0.3125,0,0.3125,0,0.3125,0.9375,0,47.1875,0,0,0.625,0,0,0,0,0,0.3125,0,0,0,0,0,0,0,0,4.6875,4.375,0.3125,0,0,0,0,0,0,0,0,0,0.3125,0,0,0,0,0
240,organic silt with plant fragments,13909,14394,14165,14162,0,0,0.313479624,0,4.388714734,16.92789969,0,2.194357367,0,0,0,0,0,0,0.626959248,0,0,14.10658307,0,0,10.97178683,0,1.567398119,0,0,0.313479624,0.940438871,0,0.626959248,0,2.821316614,0,0,0.626959248,0,0.626959248,0,0.940438871,0,0,33.54231975,0.626959248,0,0,0,0.313479624,0,0,0,0,0,0,0,0,0,0,0,0,4.702194357,1.253918495,0,0.313479624,0,0,0,0,0.626959248,0,0.313479624,0,0,0,0,0,0,0.313479624
245,organic silt with plant fragments,13933,14417,14186,14184,0,0,0.289017341,0,3.757225434,17.6300578,0,5.49132948,0,0,0,0,0,0,0.289017341,0,0,13.29479769,0,0,13.87283237,0,1.445086705,0,0,0.289017341,0,0,0,0.289017341,1.734104046,0,0,0.289017341,0,0,0,0,0.867052023,0,21.96531792,0,0,0.289017341,0,0,0,0,0,0.289017341,0.289017341,0,0,0,0,0,0,0,13.00578035,1.445086705,1.156069364,0.578034682,0,0,0,0.289017341,1.156069364,0,0,0,0,0,0,0,0,0
252,banded silt,13971,14449,14216,14214,0,0,0,0,2.875399361,17.8913738,0.319488818,5.111821086,0,0,0,0.319488818,0,0,0.319488818,0,0,20.76677316,0,0,23.00319489,0,2.555910543,0,0,0.319488818,0.638977636,0,0,0.319488818,1.916932907,0.319488818,0,0.958466454,0,0,0,0,0.319488818,0,15.01597444,0,0,0,0,0.319488818,0.319488818,0,0,0.319488818,0.319488818,0,0,0,0,0,0,0,3.514376997,0.319488818,0,0.319488818,0,0,0,0,0.319488818,0,0,0,0.638977636,0.319488818,0,0,0,0.319488818
255,banded silt,13982,14462,14228,14226,0,0,0,0,3.703703704,25.25252525,0,7.744107744,0,0,0,0,0,0,1.01010101,0,0,12.45791246,0,0,34.00673401,0,1.346801347,0,0,0.673400673,1.346801347,0,0,0,1.683501684,0.673400673,0,0.336700337,0,0,0,0,0,0,7.407407407,0,0,0,0,0,0,0,0,0.336700337,0,0,0,0,0,0,0,0,0.673400673,0,0.336700337,0.336700337,0,0,0,0,0.673400673,0,0,0,0,0,0,0,0,0
265,banded silt,14028,14507,14272,14270,0,0,0.996677741,0,5.315614618,11.62790698,0,13.28903654,0,0,0,0,0,0,0.996677741,0,0,8.305647841,0,0,36.87707641,0.332225914,0,0,0,0,1.993355482,0,0,0.332225914,1.328903654,0.996677741,0,0.996677741,0,0,0,0,0,0.332225914,11.29568106,0,0,0,0,0,0,0,0,0.332225914,1.328903654,0,0,0,0,0,0,0,1.328903654,0.332225914,0.664451827,0,0,0,0,0,0.996677741,0,0,0,0,0,0,0,0,0
275,banded silt,14071,14549,14315,14315,0,0,0,0,3.618421053,9.210526316,0,16.11842105,0,0,0,0,0,0,0.328947368,0,0,8.552631579,0,0,36.51315789,0,0.328947368,0,0.328947368,0.657894737,0.657894737,0,0,0.328947368,1.644736842,0.657894737,0,0.328947368,0.328947368,0,0,0,0,0,15.13157895,0.328947368,0.328947368,0,0,0,0,0,0,0.657894737,0.986842105,0,0,0,0,0,0,0,0.986842105,0,0,0.657894737,0,0,0,0.657894737,0.328947368,0,0,0,0.328947368,0,0,0,0,0
285,banded silt,14112,14600,14360,14360,0,0,0.664451827,0,2.990033223,8.305647841,0,13.95348837,0,0,0,0,0,0,0.332225914,0,0,9.302325581,0,0,39.20265781,0,0.332225914,0,0,1.328903654,1.328903654,0,0,0,0.664451827,0,0,0.332225914,0.332225914,0.332225914,0,0,0.664451827,0,14.28571429,0,0,0,0,0,0,0,0,0,2.657807309,0,0,0,0,0,0,0,0.664451827,0,0.664451827,0.664451827,0,0,0,0,0,0,0,0,0.664451827,0,0.332225914,0,0,0
295,banded silt,14156,14646,14404,14404,0,0,0,0,3.278688525,6.885245902,0,14.42622951,0.327868852,0.327868852,0,0,0,0,0,0,0,6.885245902,0,0,45.57377049,0,0.655737705,0,0,0.983606557,0,0,0,0,0.983606557,0,0,0.327868852,0,0,0,0,0.655737705,0,12.45901639,0,0.655737705,0,0,0,0,0,0,0,2.295081967,0,0,0,0,0,0,0,0.983606557,0.327868852,0,0.655737705,0,0,0,0.655737705,0,0,0,0,0,0,0,0,0,0.655737705
305,banded silt,14205,14691,14447,14449,0,0,0.33557047,0,2.013422819,8.724832215,0,12.41610738,0,0,0,0,0,0,1.342281879,0,0,13.42281879,0,0,32.55033557,0,0.33557047,0,0,0.67114094,1.006711409,0,0,0,1.342281879,0.33557047,0,0.33557047,0,0,0,0,1.342281879,0,18.12080537,0,0,0,0,0,0.33557047,0,0,0.33557047,0.33557047,0,0,0,0,0,0.33557047,0,0.33557047,0.67114094,0.67114094,1.006711409,0,0,0,0,1.342281879,0,0,0,0,0,0.33557047,0,0,0
315,banded silt,14250,14742,14491,14494,0,0,0,0,5.016722408,7.023411371,0,7.692307692,0,0,0,0,0,0,0,0,0,16.05351171,0,0,39.46488294,0,0.668896321,0,0,0.334448161,0.668896321,0,0,0,1.672240803,0.334448161,0,0.668896321,0.334448161,0,0,0,0.334448161,0,16.72240803,0.334448161,0,0,0,0,0,0,0,0,0.334448161,0,0,0,0,0,0,0,0.334448161,0.334448161,0,1.003344482,0,0,0,0,0,0,0,0,0,0,0.668896321,0,0,0
325,banded silt,14296,14784,14535,14538,0,0,0.337837838,0,3.716216216,8.445945946,0,11.48648649,0,0,0,0,0,0,2.027027027,0,0,13.17567568,0,0,38.17567568,0,0.675675676,0,0,0,1.689189189,0,0.337837838,0.337837838,3.378378378,1.013513514,0,0.675675676,0.675675676,0.675675676,0,0,0.675675676,0,9.459459459,0,0.675675676,0.337837838,0,0,0,0,0,0,0.675675676,0,0,0,0,0,0,0,0.337837838,0,0.337837838,0.675675676,0,0,0,0,0,0,0,0,0,0,0,0,0,0
345,banded silt,14387,14876,14621,14627,0,0,0.333333333,0,1.666666667,14.33333333,0,16,0,0,0,0,0,0,1.666666667,0,0,16.33333333,0,0,18,0,0.333333333,0,0,0,3,0,0,0.333333333,1,0,0,1.666666667,0.666666667,0,0,0,1.666666667,0,14.33333333,0,0.333333333,0.333333333,0.333333333,0,0.333333333,0,0,0.333333333,0.666666667,0,0,0,0,0,0,0,0.333333333,0,3,1,0,0,0,0,1.333333333,0,0,0,0.666666667,0,0,0,0,0
365,banded silt,14478,14971,14705,14716,0,0,0.37593985,0,2.631578947,15.03759398,0.37593985,11.65413534,0,0,0,0,0,0,0.751879699,0,0,17.66917293,0,0,29.32330827,0,0.751879699,0,0,0,3.759398496,0,0,0.37593985,1.503759398,0.37593985,0,0.37593985,0.37593985,0,0,0,0.37593985,0,8.646616541,0,0,0.37593985,0,0,0,0,0,0,1.503759398,0,0,0,0,0,0,0,0,0.37593985,0.37593985,1.127819549,0,0,0,0,0,0,0,0,1.503759398,0,0,0,0,0.37593985
385,banded silt,14567,15063,14789,14804,0,0,0.664451827,0,1.993355482,12.95681063,0,8.637873754,0,0,0,0,0,0,0.664451827,0,0,18.93687708,0,0,29.56810631,0,0.332225914,0,0,0,1.661129568,0,0,0.332225914,3.65448505,0.664451827,0,0,0.664451827,0.332225914,0,0,0.664451827,0,13.28903654,0.332225914,0.996677741,0.332225914,0,0,0,0,0,0.664451827,0.332225914,0,0,0,0,0,0,0,0,0.332225914,0.332225914,0.332225914,0,0,0,0.332225914,0,0,0,0,0.664451827,0,0.332225914,0,0,0
405,banded silt,14661,15167,14887,14900,0,0,0.328947368,0,1.315789474,8.223684211,0,15.13157895,0,0,0,0,0,0,1.315789474,0,0,19.07894737,0,0,23.02631579,0,1.644736842,0,0,0.328947368,1.315789474,0,0.328947368,0,3.289473684,0.328947368,0,0.328947368,0.328947368,0,0,0,0,0,16.11842105,0.657894737,0,0.657894737,0,0,0,0,0,0.657894737,0.328947368,0,0,0,0,0,0,0,0.986842105,0.657894737,0.657894737,1.973684211,0,0,0,0.328947368,0,0,0,0,0.657894737,0,0,0,0,0
415,banded silt,14709,15218,14937,14948,0,0,0,0,0.350877193,15.0877193,0,7.719298246,0,0,0,0,0,0,7.719298246,0,0,31.57894737,0,0,6.315789474,0,0.350877193,0,0,0,0.350877193,0,0,0,5.263157895,1.052631579,0,2.456140351,0,0.350877193,0,0,0.350877193,0,14.73684211,0,1.052631579,0.350877193,0,0,0,0,0,1.052631579,1.052631579,0,0,0,0,0,0,0,0.350877193,0.350877193,0,1.052631579,0,0,0,0,0,0,0,0,1.052631579,0,0,0,0,0
